TIPO_PERSONA,EDAD,SEXO,PLAZO,TASA_INTERES,CASA_PH,SEGURO,TRABAJADOR,DIRECTIVO,PRIMER_PRESTAMO,HIPOTECA_registrada,Cuenta_GARANTIA,RIESGO_INDIVIDUAL
1,51,0,72,18,1,0,1,0,1,0,0,1
1,51,0,7,18.37,1,0,1,0,1,0,0,1
1,56,1,48,16.5,2,0,1,0,1,0,0,1
1,52,0,60,19.56,1,0,1,0,1,0,0,1
1,60,1,60,16.5,2,0,1,0,1,0,0,1
1,60,1,72,16.5,1,0,1,0,1,0,0,1
1,60,1,24,18.37,1,0,1,0,1,0,0,1
1,49,0,72,18.06,2,0,1,0,1,0,0,1
1,58,0,60,19.95,2,0,1,0,1,0,0,1
1,45,1,48,16.5,1,0,1,0,1,0,0,1
1,67,1,18,18.37,2,0,1,0,1,0,0,1
1,43,1,60,16,2,0,1,0,1,0,0,1
1,49,0,48,19.95,2,0,1,0,1,0,0,1
1,45,1,72,16,2,0,1,0,1,0,0,1
1,45,0,72,16,2,0,1,0,1,0,0,1
1,45,1,72,16,1,0,1,0,1,0,0,1
1,40,0,60,17,2,0,1,0,1,0,0,1
1,40,0,66,16,1,0,1,0,1,0,0,1
1,40,0,12,19.56,1,0,1,0,1,0,0,1
1,40,0,66,16,1,0,1,0,1,0,0,1
1,39,1,60,19.95,1,0,1,0,1,0,0,1
1,44,1,72,16,2,0,1,0,1,0,0,1
1,42,0,72,17.5,1,0,0,0,1,0,0,1
1,40,0,60,19.95,2,0,1,0,1,0,0,1
1,42,1,48,19.95,1,0,1,0,1,0,0,1
1,44,0,60,17.6,2,0,1,0,1,0,0,1
1,44,0,72,17.3,2,0,1,0,1,0,0,1
1,51,1,60,22.95,2,0,1,0,1,0,0,1
1,41,1,60,19.95,2,0,1,0,1,0,0,1
1,50,1,30,25.76,1,0,1,0,1,0,0,1
1,39,0,72,16.5,2,0,1,0,1,0,0,1
1,51,1,38,17.5,1,0,1,0,1,0,0,1
1,51,1,48,17.5,2,0,1,0,1,0,0,1
1,50,1,72,17,2,0,1,0,1,0,0,1
1,38,1,72,13.16,1,0,1,0,1,0,0,1
1,39,1,6,19.56,1,0,1,0,1,0,0,1
1,45,1,55,18,2,0,1,0,1,0,0,1
1,46,1,72,16,2,0,1,0,1,0,0,1
1,41,1,85,16.5,2,0,1,0,1,0,0,1
1,32,0,24,27.68,1,0,1,0,1,0,0,1
1,39,1,96,13.16,1,1,1,0,1,1,1,1
1,42,1,60,14.5,1,0,1,0,1,0,0,1
1,37,1,60,17,2,0,1,0,1,0,0,1
1,35,0,60,17,1,0,1,0,1,0,0,1
1,42,0,48,23.07,2,0,1,0,1,0,0,1
1,53,1,24,27.68,1,0,1,0,1,0,0,1
1,33,0,1,125.22,1,0,1,0,1,0,0,1
1,33,0,72,16,2,0,1,0,1,0,0,1
1,33,0,1,125.22,1,0,1,0,1,0,0,1
1,33,0,2,125.22,1,0,1,0,1,0,0,1
1,33,0,3,125.22,1,0,1,0,1,0,0,1
1,33,0,48,18,2,0,1,0,1,0,0,1
1,37,0,60,18,2,0,1,0,1,0,0,1
1,35,1,48,16,1,0,1,0,1,0,0,1
1,37,1,48,17,2,0,1,0,1,0,0,1
1,36,1,60,17,1,0,1,0,1,0,0,1
1,41,1,6,19.56,1,0,1,0,1,0,0,1
1,39,1,72,17,1,0,1,0,1,0,0,1
1,39,1,72,17,1,0,1,0,1,0,0,1
1,33,0,12,19.56,1,0,1,0,1,0,0,1
1,33,0,12,19.56,1,0,1,0,1,0,0,1
1,31,0,60,18,2,0,1,0,1,0,0,1
1,34,1,48,19.95,2,0,1,0,1,0,0,1
1,41,1,24,27.68,2,0,1,0,1,0,0,1
1,31,1,36,18,2,0,1,0,1,0,0,1
1,33,0,24,25.76,1,0,1,0,1,0,0,1
1,38,1,60,17,2,0,1,0,1,0,0,1
1,31,1,60,18,1,0,1,0,0,0,0,1
1,32,1,30,18,2,0,1,0,1,0,0,1
1,30,1,16,25.76,1,0,1,0,1,0,0,1
1,32,1,60,18,2,0,1,0,1,0,0,1
1,33,1,8,30.71,1,0,1,0,1,0,0,1
1,27,0,16,27.68,1,0,1,0,1,0,0,1
1,39,1,72,17,2,0,0,0,1,0,0,2
1,29,0,48,19.95,2,0,1,0,1,0,0,1
1,26,1,48,19.95,1,0,1,0,1,0,0,1
1,26,1,24,25.76,2,0,1,0,1,0,0,1
1,38,0,3,30.71,1,0,1,0,1,0,0,1
1,38,0,24,19.56,1,0,1,0,1,0,1,1
1,35,1,60,19.95,2,0,1,0,1,0,0,1
1,34,1,60,17,1,0,1,0,0,0,0,1
1,38,1,60,18,2,0,1,0,0,0,0,1
1,46,1,20,27.68,1,0,1,0,1,0,0,1
1,32,1,36,25.76,1,0,1,0,1,0,0,1
1,36,1,12,30.71,1,0,1,0,1,0,0,1
1,37,1,8,30.71,1,0,1,0,1,0,0,1
1,37,0,24,24.41,1,0,1,0,0,0,0,1
1,25,1,48,18,1,0,1,0,1,0,0,1
1,47,1,10,30.71,1,0,1,0,0,0,0,1
1,37,1,36,27.68,2,0,1,0,1,0,0,1
1,30,1,6,30.71,1,0,1,0,1,0,0,1
1,30,0,48,18,2,0,1,0,1,0,0,1
1,28,1,12,15.6,1,0,1,0,1,0,0,1
1,28,1,2,30.71,2,0,1,0,1,0,0,1
1,32,1,24,27.68,2,0,1,0,0,0,0,1
1,32,0,36,24.71,1,0,1,0,1,0,0,1
1,32,0,36,24.71,1,0,1,0,1,0,0,1
1,27,0,24,25.76,1,0,0,0,1,0,0,3
1,30,0,12,30.71,1,0,0,0,1,0,0,1
1,30,0,48,19.95,1,0,0,0,1,0,0,1
1,31,1,36,24.41,2,0,1,0,1,0,0,1
1,28,0,11,30.71,2,0,1,0,1,0,0,1
1,29,1,36,19.56,1,0,1,0,1,0,0,1
1,27,1,36,25.43,1,0,1,0,1,0,0,1
1,79,1,36,12.68,1,0,0,0,1,0,0,1
1,86,1,48,12.68,1,0,0,0,1,1,1,1
1,34,1,15,30.71,2,0,1,0,0,0,0,1
1,76,1,36,16.98,1,0,0,0,1,0,0,1
1,28,1,24,27.68,1,0,1,0,1,0,0,1
1,36,1,12,31.91,1,0,1,0,0,0,0,1
1,30,0,36,24.41,2,0,0,0,0,0,0,1
1,42,1,36,24.41,1,0,1,0,0,0,0,1
1,36,1,36,25.76,1,0,1,0,1,0,0,1
1,31,1,12,27.68,1,0,1,0,0,0,0,1
1,38,1,10,27.68,1,0,1,0,1,0,0,1
1,27,0,48,25.76,2,0,1,0,1,0,0,1
1,27,0,24,26.94,1,0,1,0,1,0,0,1
1,30,0,5,30.71,1,0,1,0,1,0,0,1
1,30,0,18,30.71,1,0,1,0,1,0,0,1
1,26,0,48,19.95,2,0,1,0,0,0,0,1
1,28,0,36,23.07,2,0,1,0,1,0,0,1
1,24,1,6,30.71,2,0,1,0,0,0,0,1
1,71,0,58,24.41,1,0,0,0,1,0,0,1
1,54,0,72,17,1,0,0,0,1,0,0,1
1,54,0,36,32.33,2,0,0,0,1,0,0,1
1,73,0,12,12.68,1,0,0,0,1,0,0,1
1,42,0,36,12.68,1,0,0,0,1,1,1,1
1,72,0,24,19.56,1,0,0,0,1,0,0,1
1,58,1,60,14.24,2,0,0,0,1,0,0,1
1,82,1,36,12.68,1,0,0,0,1,0,0,1
1,47,0,72,17,1,0,0,0,1,0,0,1
1,67,1,101,15,1,0,0,0,1,0,0,1
1,74,0,59,27.03,2,0,0,0,1,0,0,1
1,56,0,12,12.68,1,0,0,0,0,0,0,1
1,55,0,48,15,1,0,0,0,1,0,0,1
1,76,0,10,12.68,1,0,0,0,1,0,0,1
1,69,0,72,17,1,0,0,0,1,0,0,1
1,59,1,10,12.68,1,0,0,0,1,0,0,1
1,88,0,15,12.68,1,0,0,0,1,1,1,1
1,82,0,24,12.68,1,0,0,0,1,0,0,1
1,57,0,72,15,1,0,0,0,0,0,0,1
1,51,1,24,19.56,1,0,0,0,1,1,1,1
1,72,1,36,16.98,2,0,0,0,1,0,0,1
1,66,1,36,27.01,1,0,0,0,1,0,0,1
1,70,0,48,25.21,2,0,0,0,1,0,0,1
1,59,0,72,23.07,1,0,0,0,1,0,0,1
1,60,0,18,19.56,1,0,0,0,1,0,0,1
1,55,0,6,12.68,1,0,0,0,1,0,0,1
1,54,1,36,21.65,2,0,0,0,1,0,0,1
1,49,1,10,12.68,1,0,0,0,1,0,0,1
1,49,1,8,12.68,1,0,0,0,1,0,0,1
1,57,0,48,15,1,0,0,0,1,0,0,1
1,63,0,72,17,1,0,0,0,0,0,0,1
1,53,0,24,34.78,2,0,0,0,1,0,0,1
1,58,0,72,14.5,1,0,0,0,1,0,0,1
1,52,0,36,12.68,1,0,0,0,1,0,0,1
1,49,0,36,32.33,2,0,0,0,1,0,0,1
1,77,0,36,12.68,1,0,0,0,1,0,0,1
1,74,0,8,12.68,1,0,0,0,1,1,1,1
1,76,1,12,12.68,1,0,0,0,1,0,0,1
1,59,0,12,12.68,1,0,0,0,1,0,0,4
1,77,0,30,12.68,1,0,0,0,1,1,1,1
1,77,0,36,19.56,1,0,0,0,1,0,0,1
1,30,1,30,16.98,1,0,0,0,1,0,0,1
1,30,1,30,16.98,2,0,0,0,1,0,0,1
1,65,0,72,17,1,0,0,0,1,0,0,1
1,76,1,36,16.98,2,0,0,0,1,0,0,4
1,72,1,13,12.68,1,0,0,0,1,1,1,1
1,62,0,72,15.5,1,0,0,0,1,0,0,1
1,56,1,12,12.68,1,0,0,0,1,0,0,1
1,48,0,12,52.96,1,0,0,0,1,0,0,1
1,56,0,18,30.71,1,0,0,0,1,0,0,1
1,60,0,36,16.98,2,0,0,0,1,0,0,1
1,42,0,12,12.68,1,0,0,0,1,1,1,1
1,66,0,12,12.68,1,0,0,0,1,0,1,1
1,66,0,13,12.68,1,0,0,0,1,1,1,1
1,60,0,30,16.98,2,0,0,0,1,0,0,1
1,52,0,10,12.68,1,0,0,0,1,0,0,1
1,64,1,72,24.41,1,0,0,0,1,0,0,1
1,59,0,12,12.68,1,0,0,0,1,0,0,1
1,75,0,36,16.98,2,0,0,0,1,0,0,1
1,60,0,12,19.56,1,0,0,0,1,0,0,1
1,70,1,36,27.68,1,0,0,0,1,0,0,1
1,62,0,72,17,1,0,0,0,1,0,0,1
1,65,1,12,16.98,1,0,0,0,1,0,0,1
1,79,1,24,12.68,1,0,0,0,1,0,0,1
1,52,0,72,15,1,0,0,0,1,0,0,1
1,61,0,18,16.98,1,0,0,0,1,0,0,1
1,62,1,72,15,2,0,0,0,1,0,0,1
1,47,0,60,19.29,2,0,0,0,1,0,1,1
1,51,0,72,17,1,0,0,0,1,0,0,1
1,79,0,36,19.56,1,0,0,0,1,0,0,1
1,60,0,15,12.68,1,0,0,0,1,0,1,1
1,50,1,72,15,2,0,0,0,1,0,0,1
1,64,1,60,19.56,1,0,0,0,1,0,0,1
1,63,1,6,12.68,1,0,0,0,1,0,0,1
1,70,1,24,25.76,1,0,0,0,1,0,0,1
1,42,0,72,15,2,0,0,0,1,0,0,1
1,73,0,24,12.68,1,0,0,0,1,0,0,1
1,73,0,24,12.68,1,0,0,0,1,0,0,1
1,71,0,72,17,1,0,0,0,1,0,0,1
1,60,1,72,17,2,0,0,0,1,0,0,1
1,60,1,36,31.58,2,0,0,0,1,0,0,1
1,61,1,72,15,1,0,0,0,1,0,0,1
1,61,0,8,12.68,1,0,0,0,1,0,0,1
1,44,0,72,17,2,0,0,0,1,0,0,1
1,61,1,60,17,1,0,0,0,1,0,0,1
1,60,1,72,15,1,0,0,0,1,0,0,1
1,52,1,48,25.21,1,0,0,0,1,0,0,1
1,61,0,15,12.68,1,0,0,0,1,0,0,1
1,46,0,30,34.78,1,0,0,0,1,0,0,1
1,61,0,48,25.44,2,0,0,0,1,0,1,1
1,68,1,6,12.68,1,0,0,0,1,0,0,1
1,34,0,12,12.68,1,0,0,0,1,0,1,1
1,34,0,12,12.68,1,0,0,0,1,0,1,1
1,61,1,36,32.33,2,0,0,0,1,0,0,1
1,57,1,18,19.56,1,0,0,0,1,0,0,1
1,60,0,65,15.5,2,0,0,0,1,0,0,1
1,44,0,36,16.98,2,0,0,0,1,0,0,1
1,69,0,8,12.68,1,0,0,0,1,0,0,4
1,71,0,36,16.98,2,0,0,0,1,0,0,1
1,57,1,10,12.68,1,0,0,0,1,0,0,1
1,46,0,72,15,1,0,0,0,1,0,0,1
1,51,0,36,12.68,1,0,0,0,1,0,0,1
1,79,0,12,12.68,1,0,0,0,1,0,1,1
1,59,0,48,12.68,1,0,0,0,1,0,0,1
1,71,0,18,12.68,1,0,0,0,1,0,0,1
1,57,0,72,17,1,0,0,0,1,0,0,1
1,62,0,72,17,1,0,0,0,1,0,0,1
1,46,0,36,16.98,1,0,0,0,1,0,0,1
1,72,0,36,16.98,2,0,0,0,1,0,0,1
1,51,1,15,50.96,2,0,0,0,1,0,0,4
1,58,0,48,32.55,1,0,0,0,1,0,0,1
1,58,0,48,27.03,2,0,0,0,1,0,0,1
1,61,0,60,20.34,1,0,0,0,1,0,0,1
1,51,0,24,19.56,1,0,0,0,1,0,0,1
1,70,0,1,75.52,1,0,0,0,1,0,0,1
1,44,0,24,28.77,2,0,0,0,1,0,0,1
1,53,0,72,15,2,0,0,0,1,0,0,1
1,47,0,36,28.77,2,0,0,0,1,0,0,3
1,44,1,36,12.68,1,0,0,0,1,0,0,1
1,49,1,72,15,1,0,0,0,0,0,0,1
1,70,0,24,25.21,2,0,0,0,1,0,0,1
1,69,1,72,14.5,1,0,0,0,1,0,1,1
1,69,1,24,21.65,2,0,0,0,1,1,1,1
1,78,0,30,12.68,1,0,0,0,1,0,0,1
1,45,0,19,35.89,1,0,0,0,1,0,0,1
1,55,0,72,15,1,0,0,0,1,0,0,1
1,73,0,29,12.68,1,0,0,0,1,1,1,4
1,42,1,18,19.56,1,0,0,0,1,0,0,1
1,75,1,17,19.56,1,0,0,0,1,0,0,1
1,75,1,10,19.56,1,0,0,0,1,0,0,1
1,75,1,12,19.56,1,0,0,0,1,0,0,1
1,78,1,24,12.68,1,0,0,0,1,1,1,1
1,64,0,28,12.68,1,0,0,0,1,1,1,1
1,65,0,24,12.68,1,0,0,0,1,0,0,1
1,50,0,12,16.98,2,0,0,0,1,0,0,1
1,73,1,24,12.68,1,0,0,0,1,0,0,1
1,44,1,72,14.5,1,0,0,0,1,0,0,1
1,46,0,24,24.41,1,0,0,0,1,0,0,1
1,57,0,10,12.68,1,0,0,0,1,0,0,1
1,57,0,30,19.56,1,0,0,0,1,0,0,1
1,64,0,12,44.35,1,0,0,0,1,0,0,1
1,64,0,12,30.08,1,0,0,0,1,0,0,1
1,54,0,60,17,1,0,0,0,1,0,0,1
1,45,1,72,15,2,0,0,0,1,0,0,1
1,81,0,18,12.68,1,0,0,0,1,1,1,1
1,52,1,36,32.33,2,0,0,0,1,0,0,1
1,27,1,12,12.68,1,0,0,0,1,0,0,1
1,49,0,12,12.68,1,0,0,0,0,0,1,1
1,54,1,20,39.46,1,0,0,0,1,0,0,1
1,54,1,72,17,1,0,0,0,1,0,0,1
1,56,1,12,16.98,2,0,0,0,1,0,0,1
1,54,1,36,16.98,2,0,0,0,1,0,0,1
1,73,0,33,25.76,1,0,0,0,1,0,0,1
1,44,0,72,15,1,0,0,0,1,0,0,1
1,44,0,18,19.56,1,0,0,0,1,0,0,1
1,52,0,24,39.46,2,0,0,0,1,0,0,1
1,52,0,33,53.97,2,0,0,0,1,0,0,1
1,83,1,13,12.68,1,0,0,0,1,1,1,1
1,61,0,72,17,1,0,0,0,1,0,0,1
1,65,1,24,32.33,2,0,0,0,1,0,0,1
1,65,1,72,15,1,0,0,0,1,0,0,1
1,70,0,24,12.68,1,0,0,0,1,0,0,1
1,62,1,6,12.68,1,0,0,0,1,0,0,1
1,80,0,18,12.68,1,0,0,0,1,0,0,1
1,61,0,18,27.01,1,0,0,0,1,0,0,1
1,51,0,36,12.68,1,0,0,0,1,0,0,1
1,51,0,36,12.68,1,0,0,0,1,0,0,1
1,58,0,48,28.77,2,0,0,0,1,0,0,4
1,55,1,10,12.68,1,0,0,0,1,0,1,1
1,50,0,60,17,1,0,0,0,1,0,0,1
1,61,1,72,15,2,0,0,0,1,0,0,1
1,53,1,24,12.68,1,0,0,0,1,0,0,1
1,65,0,12,12.68,1,0,0,0,1,0,1,1
1,53,1,30,19.56,1,0,0,0,0,0,0,1
1,54,0,18,12.68,1,0,0,0,1,0,0,1
1,65,0,6,12.68,1,0,0,0,1,0,0,1
1,58,0,33,17,1,0,0,0,1,0,0,1
1,59,0,12,12.68,1,0,0,0,1,0,0,1
1,76,0,27,12.68,1,0,0,0,1,0,0,1
1,70,0,24,12.68,1,0,0,0,1,1,1,1
1,68,1,12,16.98,2,0,0,0,1,0,0,1
1,59,0,48,32.55,1,0,0,0,1,0,0,1
1,59,1,72,15,1,0,0,0,1,0,0,1
1,59,1,18,39.45,2,0,0,0,1,0,0,1
1,53,0,12,50.96,2,0,0,0,0,0,0,1
1,65,0,6,12.68,1,0,0,0,1,0,0,1
1,55,0,72,16.5,2,0,0,0,1,0,0,1
1,61,0,18,16.98,2,0,0,0,1,0,0,1
1,64,1,48,24.08,2,0,0,0,1,0,0,1
1,70,1,48,17,1,0,0,0,1,0,0,1
1,68,0,11,12.68,1,0,0,0,1,0,0,1
1,46,1,36,32.55,1,0,0,0,1,0,0,1
1,57,0,36,16.98,2,0,0,0,1,0,0,1
1,44,0,72,17,1,0,0,0,1,0,0,1
1,44,0,1,125.22,2,0,0,0,1,0,0,1
1,54,0,18,32.33,2,0,0,0,1,0,0,1
1,65,0,12,15.6,2,0,0,0,1,0,0,1
1,65,0,6,16.98,1,0,0,0,1,0,0,1
1,66,1,58,15,1,0,0,0,1,0,0,1
1,44,1,28,12.68,1,0,0,0,1,0,0,1
1,50,1,12,12.68,1,0,0,0,1,0,0,1
1,38,0,5,12.68,1,0,0,0,1,0,0,1
1,58,0,15,16.98,2,0,0,0,1,0,0,1
1,59,1,4,12.68,1,0,0,0,1,0,0,1
1,58,0,12,16.98,2,0,0,0,1,0,0,1
1,59,0,46,32.33,2,0,0,0,1,0,0,3
1,26,0,48,12.68,1,0,0,0,1,0,0,1
1,45,0,4,12.68,1,0,0,0,1,0,0,4
1,60,0,6,19.56,1,0,0,0,1,1,1,1
1,60,0,6,19.56,1,0,0,0,1,0,1,1
1,60,0,12,19.56,1,0,0,0,1,1,1,1
1,60,0,6,19.56,1,0,0,0,1,0,1,1
1,40,0,8,12.68,1,0,0,0,1,0,0,1
1,55,0,24,35.89,2,0,0,0,1,0,0,1
1,55,1,24,12.68,1,0,0,0,1,0,0,4
1,75,0,12,12.68,1,0,0,0,1,1,1,1
1,43,0,60,19.56,1,0,0,0,1,0,1,1
1,43,0,60,19.56,1,0,0,0,1,1,1,1
1,48,0,72,15,2,0,0,0,1,0,0,4
1,39,0,30,27.01,1,0,0,0,1,0,0,1
1,58,0,72,17,1,0,0,0,1,0,0,1
1,57,0,15,12.68,1,0,0,0,1,0,0,1
1,68,0,8,12.68,1,0,0,0,1,0,0,1
1,60,0,72,17,1,0,0,0,1,0,0,1
1,64,0,72,15,1,0,0,0,1,0,0,1
1,46,0,10,12.68,1,0,0,0,1,0,0,4
1,54,0,84,14.71,1,0,0,0,1,1,1,1
1,54,0,24,27.03,1,0,0,0,1,1,1,1
1,54,0,72,15,1,0,0,0,1,0,0,1
1,55,1,24,16.98,2,0,0,0,1,0,0,1
1,55,0,10,16.98,1,0,0,0,1,0,0,1
1,49,0,72,15,1,0,0,0,1,0,0,1
1,75,0,8,12.68,1,0,0,0,1,0,0,1
1,75,0,4,12.68,1,0,0,0,1,0,0,1
1,64,1,30,35.89,2,0,0,0,1,0,0,4
1,52,0,6,12.68,1,0,0,0,1,0,0,1
1,52,0,3,12.68,1,0,0,0,1,0,0,1
1,47,1,12,35.89,2,0,0,0,1,0,0,3
1,55,0,72,15,1,0,0,0,1,0,0,1
1,52,1,24,28.77,2,0,0,0,0,0,0,4
1,70,0,48,19.56,1,0,0,0,1,0,0,4
1,67,1,12,12.68,1,0,0,0,1,1,1,1
1,62,0,24,12.68,1,0,0,0,1,0,0,1
1,67,0,48,16.98,2,0,0,0,1,0,0,1
1,61,0,72,15,1,0,0,0,1,0,0,1
1,66,0,24,52.96,1,0,0,0,1,0,0,1
1,64,1,10,12.68,1,0,0,0,1,0,0,1
1,59,1,72,17,1,0,0,0,1,0,0,1
1,61,1,60,15,2,0,0,0,1,0,0,1
1,53,0,30,30.58,1,0,0,0,1,0,0,1
1,64,0,18,12.68,1,0,0,0,1,0,1,1
1,56,1,36,16.98,1,0,0,0,1,0,0,1
1,68,0,9,12.68,1,0,0,0,1,0,1,1
1,43,0,72,17,2,0,0,0,1,0,0,1
1,74,1,18,16.98,2,0,0,0,1,0,0,1
1,54,0,12,52.96,1,0,0,0,1,0,0,1
1,58,0,34,17,1,0,0,0,1,0,0,1
1,60,1,72,15,2,0,0,0,1,0,0,1
1,49,0,24,32.33,2,0,0,0,1,0,0,1
1,51,0,72,17,1,0,0,0,1,0,0,4
1,48,0,2,31.58,1,0,0,0,1,0,0,1
1,50,0,72,17,1,0,0,0,1,1,1,1
1,74,0,18,19.56,1,0,0,0,1,0,0,1
1,74,0,60,19.56,1,0,0,0,1,1,1,1
1,74,0,37,24.41,1,0,0,0,1,0,0,1
1,74,0,60,19.56,1,0,0,0,1,0,0,1
1,51,0,72,15,2,0,0,0,1,0,0,1
1,65,0,36,19.56,1,0,0,0,1,0,0,1
1,65,0,36,19.56,1,0,0,0,1,0,0,1
1,65,0,60,19.56,1,0,0,0,1,0,0,1
1,65,0,36,19.56,1,0,0,0,1,0,0,4
1,65,0,48,19.56,1,0,0,0,1,0,0,1
1,57,0,12,12.68,1,0,0,0,1,0,0,1
1,59,0,18,35.89,2,0,0,0,1,0,0,1
1,64,0,40,28.83,1,0,0,0,1,0,0,1
1,51,0,60,25.44,2,0,0,0,1,0,0,1
1,49,1,18,31.58,1,0,0,0,1,0,0,1
1,49,1,28,41.96,2,0,0,0,1,0,0,1
1,63,0,10,12.68,1,0,0,0,1,0,0,1
1,55,1,6,12.68,1,0,0,0,1,0,0,1
1,63,1,24,39.46,1,0,0,0,1,0,0,1
1,43,1,6,12.68,1,0,0,0,0,0,0,1
1,48,0,72,14,1,0,0,0,1,0,0,1
1,54,0,28,12.68,1,0,0,0,1,0,0,1
1,51,0,73,15,1,0,0,0,1,0,0,1
1,66,1,12,12.68,1,0,0,0,1,0,0,1
1,52,1,24,28.77,2,0,0,0,1,0,0,1
1,56,0,72,14,2,0,0,0,1,0,0,1
1,56,0,72,14,1,0,0,0,1,0,0,1
1,56,0,12,15.6,2,0,0,0,1,0,0,1
1,62,0,10,12.68,1,0,0,0,1,1,1,1
1,74,1,10,12.68,1,0,0,0,1,0,0,1
1,65,0,10,12.68,1,0,0,0,1,0,0,1
1,56,1,12,12.68,1,0,0,0,1,0,0,1
1,67,1,14,12.68,1,0,0,0,1,0,0,1
1,63,0,36,16.98,2,0,0,0,1,0,0,1
1,34,1,60,20.34,1,0,0,0,1,0,0,1
1,52,0,31,12.68,1,0,0,0,1,1,1,1
1,37,0,72,15,1,0,0,0,1,0,0,1
1,65,1,12,16.98,1,0,0,0,1,0,0,1
1,59,0,24,19.56,2,0,0,0,1,0,1,1
1,59,0,15,19.56,1,0,0,0,1,0,1,1
1,59,0,60,19.56,1,0,0,0,1,1,1,1
1,27,0,18,12.68,1,0,0,0,1,0,0,1
1,48,1,72,15,1,0,0,0,1,0,0,1
1,47,1,60,14.5,2,0,0,0,1,1,1,1
1,47,0,72,15,2,0,0,0,1,0,0,1
1,57,0,5,12.68,1,0,0,0,1,0,0,1
1,53,1,24,24.41,1,0,0,0,1,0,0,1
1,65,1,36,16.98,2,0,0,0,1,0,0,1
1,76,0,12,12.68,1,0,0,0,1,0,0,1
1,60,0,36,24.08,1,0,0,0,1,0,0,1
1,43,1,10,16.98,2,0,0,0,1,0,0,1
1,58,0,27,17,1,0,0,0,1,0,0,1
1,68,0,6,12.68,1,0,0,0,1,0,0,1
1,76,1,7,30.58,2,0,0,0,1,0,0,1
1,58,1,3,12.68,1,0,0,0,1,0,0,1
1,68,0,60,16.22,1,0,0,0,1,0,0,1
1,62,0,15,12.68,1,0,0,0,1,1,1,1
1,55,0,36,20.34,1,0,0,0,1,0,0,1
1,58,0,21,16.98,2,0,0,0,1,0,0,1
1,55,0,72,24.41,1,0,0,0,1,0,0,1
1,61,1,72,14.5,1,0,0,0,1,0,0,1
1,68,0,10,12.68,1,0,0,0,1,0,0,1
1,42,1,72,15,1,0,0,0,1,0,0,1
1,64,1,18,18.37,2,0,0,0,1,0,0,1
1,64,1,72,14,1,0,0,0,1,0,0,1
1,75,1,30,16.98,1,0,0,0,1,0,0,1
1,49,0,12,16.98,2,0,0,0,1,0,0,1
1,54,0,72,15,1,0,0,0,1,0,0,1
1,43,0,55,60.31,1,0,0,0,1,0,0,1
1,71,0,18,16.98,1,0,0,0,1,0,0,1
1,44,1,72,15,2,0,0,0,1,0,0,1
1,44,1,72,17,1,0,0,0,1,0,0,1
1,49,0,12,50.96,1,0,0,0,0,0,0,1
1,53,0,48,16.98,1,0,0,0,1,0,0,1
1,53,0,50,15,2,0,0,0,1,0,0,1
1,57,0,12,19.56,1,0,0,0,1,0,0,1
1,65,0,96,14.1,2,0,0,0,1,1,1,1
1,58,0,36,16.7,1,0,0,0,1,0,0,1
1,56,0,72,14.5,1,0,0,0,1,0,0,1
1,67,0,12,12.68,1,0,0,0,1,0,0,1
1,52,0,72,17,2,0,0,0,1,0,0,1
1,45,0,12,12.68,1,0,0,0,1,0,0,1
1,45,1,36,12.68,1,0,0,0,1,0,1,1
1,45,1,36,12.68,1,0,0,0,1,1,1,1
1,55,0,24,23.1,1,0,0,0,1,0,0,1
1,60,0,72,15,2,0,0,0,1,0,0,1
1,69,1,18,16.98,1,0,0,0,1,0,0,1
1,56,1,12,19.56,1,0,0,0,1,0,0,1
1,61,1,48,32.55,2,0,0,0,1,0,0,1
1,61,1,11,47.85,1,0,0,0,1,0,0,1
1,54,0,12,19.56,1,0,0,0,1,0,0,1
1,68,0,72,23.07,1,0,0,0,1,0,0,1
1,63,0,24,18.37,2,0,0,0,1,0,0,1
1,51,0,72,15,1,0,0,0,1,0,0,1
1,62,1,36,16.98,2,0,0,0,1,0,0,1
1,76,1,36,16.98,2,0,0,0,1,0,0,1
1,57,1,18,12.68,1,0,0,0,1,1,1,1
1,54,0,52,15,1,0,0,0,1,0,0,1
1,50,1,66,15,1,0,0,0,1,0,0,1
1,66,0,72,15,1,0,0,0,1,0,0,1
1,66,0,96,13.16,2,0,0,0,1,1,1,1
1,63,1,18,52.96,1,0,0,0,1,0,0,1
1,63,1,84,14.5,2,0,0,0,0,1,1,1
1,61,0,24,12.68,1,0,0,0,1,0,0,1
1,58,0,36,16.98,2,0,0,0,1,0,0,1
1,77,1,12,12.68,1,0,0,0,1,0,0,1
1,62,1,24,19.56,1,0,0,0,1,0,0,1
1,76,1,6,12.68,1,0,0,0,1,0,0,1
1,52,0,8,12.68,1,0,0,0,1,0,0,4
1,57,1,48,25.21,2,0,0,0,1,0,0,1
1,70,1,12,16.98,2,0,0,0,1,0,0,1
1,59,1,18,12.68,1,0,0,0,1,0,0,1
1,59,1,12,12.68,1,0,0,0,1,0,0,2
1,82,1,6,12.68,1,0,0,0,1,0,0,1
1,56,0,60,17,1,0,0,0,1,0,0,1
1,68,1,48,19.56,1,0,0,0,0,1,1,1
1,61,0,60,23.07,1,0,0,0,1,0,0,1
1,54,0,66,15,2,0,0,0,1,0,0,1
1,57,0,36,35.89,1,0,0,0,1,0,0,1
1,42,1,4,12.68,1,0,0,0,1,0,0,2
1,48,0,12,16.98,2,0,0,0,1,0,0,1
1,59,0,72,16.29,2,0,0,0,1,1,1,2
1,65,0,72,17.52,1,0,0,0,1,1,1,2
1,64,1,3,12.68,1,0,0,0,1,0,0,4
1,58,1,50,36.28,2,0,0,0,1,0,0,1
1,58,1,60,22.63,2,0,0,0,1,0,0,1
1,64,0,7,12.68,1,0,0,0,1,0,0,1
1,72,1,24,16.98,1,0,0,0,1,0,0,1
1,65,1,79,39.29,2,0,0,0,1,0,0,1
1,72,0,60,17,1,0,0,0,1,0,0,1
1,53,1,72,17,1,0,0,0,1,0,0,1
1,64,0,1,12.68,1,0,0,0,1,0,0,1
1,49,1,12,12.68,1,0,0,0,1,0,0,1
1,70,0,72,17,1,0,0,0,1,0,0,1
1,43,1,15,35.89,1,0,0,0,1,0,0,1
1,43,1,98,15,2,0,0,0,1,0,0,1
1,74,1,1,19.56,1,0,0,0,1,1,1,1
1,64,0,72,15,1,0,0,0,1,0,0,1
1,57,0,18,16.98,2,0,0,0,1,0,0,1
1,75,0,12,12.68,1,0,0,0,1,0,0,1
1,55,0,12,50.96,1,0,0,0,1,0,0,1
1,56,0,12,12.68,1,0,0,0,1,0,0,1
1,62,0,6,19.56,1,0,0,0,1,0,1,1
1,62,0,12,19.56,1,0,0,0,1,1,1,1
1,62,0,24,19.56,1,0,0,0,1,1,1,1
1,62,0,72,22.36,1,0,0,0,1,0,0,1
1,39,0,5,12.68,1,0,0,0,1,0,0,1
1,39,0,5,12.68,1,0,0,0,1,0,0,1
1,69,0,36,19.56,1,0,0,0,1,1,1,1
1,69,0,12,12.68,1,0,0,0,1,0,0,1
1,69,0,24,19.56,1,0,0,0,1,0,1,1
1,54,0,24,12.68,1,0,0,0,1,0,0,1
1,62,0,9,12.68,1,0,0,0,1,0,0,1
1,56,0,18,36.28,2,0,0,0,1,0,0,1
1,71,0,10,12.68,1,0,0,0,1,0,0,1
1,50,0,18,32.33,2,0,0,0,1,0,0,1
1,44,1,24,16.7,2,0,0,0,1,0,0,1
1,48,0,92,14,2,0,0,0,1,1,1,1
1,48,0,48,28.77,2,0,0,0,1,1,1,2
1,48,0,9,12.68,1,0,0,0,1,0,0,1
1,62,1,72,21.37,1,0,0,0,1,1,1,1
1,55,1,60,41.96,2,0,0,0,1,0,0,1
1,55,1,18,23.94,1,0,0,0,1,0,0,1
1,43,1,84,14,2,0,0,0,1,0,0,1
1,43,1,140,12,2,0,0,0,1,1,1,1
1,43,1,84,14,1,0,0,0,1,1,1,1
1,62,0,12,12.68,1,0,0,0,1,0,0,1
1,65,1,12,12.68,1,0,0,0,1,0,0,1
1,59,0,24,16.98,2,0,0,0,1,0,0,1
1,59,0,18,16.98,1,0,0,0,1,0,0,1
1,46,1,12,39.45,2,0,0,0,1,0,0,1
1,50,0,12,16.98,1,0,0,0,1,0,0,1
1,54,1,13,12.68,1,0,0,0,1,0,0,4
1,62,0,36,16.98,2,0,0,0,1,0,0,1
1,56,1,210,12,1,0,0,0,1,1,1,1
1,46,1,36,12.68,1,0,0,0,1,0,0,1
1,47,0,72,15,1,0,0,0,1,0,0,1
1,62,1,6,12.68,1,0,0,0,1,0,0,1
1,50,0,12,12.68,1,0,0,0,1,0,0,1
1,55,0,4,12.68,1,0,0,0,1,0,0,1
1,55,0,6,12.68,1,0,0,0,1,0,0,1
1,58,1,24,27.68,2,0,0,0,1,0,0,1
1,37,0,5,12.68,1,0,0,0,1,0,0,1
1,37,0,6,12.68,1,0,0,0,1,0,0,1
1,36,0,6,19.56,1,0,0,0,1,0,0,4
1,36,0,10,19.56,1,0,0,0,1,0,0,4
1,44,0,48,25.76,1,0,0,0,1,0,0,1
1,39,0,30,27.01,2,0,0,0,1,0,0,1
1,57,1,13,12.68,1,0,0,0,1,0,0,1
1,58,0,12,39.45,1,0,0,0,1,0,0,1
1,58,0,36,16.98,2,0,0,0,1,0,0,1
1,47,1,36,32.55,2,0,0,0,1,0,0,1
1,85,0,20,19.56,1,0,0,0,1,0,1,1
1,74,1,24,19.56,1,0,0,0,1,1,1,1
1,49,1,4,12.68,1,0,0,0,1,1,1,4
1,72,1,48,28.83,1,0,0,0,1,1,1,1
1,77,1,24,12.68,1,0,0,0,1,1,1,1
1,52,1,49,18.37,1,0,0,0,1,0,0,1
1,52,1,26,22.63,2,0,0,0,1,1,1,1
1,54,1,72,15,1,0,0,0,1,0,0,1
1,55,0,6,12.68,1,0,0,0,1,1,1,4
1,58,1,72,19.95,1,0,0,0,1,0,0,1
1,69,0,104,19.95,2,0,0,0,1,0,0,1
1,53,1,24,12.68,1,0,0,0,1,0,1,1
1,69,0,16,12.68,1,0,0,0,1,0,0,1
1,67,0,18,16.98,1,0,0,0,1,0,0,1
1,70,0,10,12.68,1,0,0,0,1,1,1,2
1,58,0,4,12.68,1,0,0,0,1,0,0,1
1,58,0,5,12.68,1,0,0,0,1,0,0,1
1,41,0,48,28.77,2,0,0,0,1,0,0,1
1,58,0,72,15,2,0,0,0,1,0,0,1
1,74,1,66,15,1,0,0,0,1,0,0,1
1,53,0,72,15,1,0,0,0,1,0,0,1
1,58,0,36,27.03,2,0,0,0,1,1,1,1
1,58,0,72,16.7,2,0,0,0,1,1,1,1
1,63,1,36,24.41,1,0,0,0,1,0,0,1
1,59,1,48,27.68,1,0,0,0,1,0,0,1
1,69,0,12,12.68,1,0,0,0,1,0,0,4
1,70,0,60,16.7,1,0,0,0,1,1,1,1
1,39,0,12,16.98,1,0,0,0,1,0,0,1
1,61,0,60,20.5,2,0,0,0,1,0,0,1
1,80,0,24,16.98,2,0,0,0,1,0,0,1
1,80,0,30,16.98,1,0,0,0,1,0,0,1
1,49,0,8,12.68,1,0,0,0,1,0,0,1
1,49,0,4,12.68,1,0,0,0,1,0,0,1
1,49,0,12,19.56,1,0,0,0,1,1,1,1
1,57,1,18,39.45,1,0,0,0,1,0,0,1
1,77,0,10,12.68,1,0,0,0,1,0,0,1
1,47,1,15,12.68,1,0,0,0,1,0,0,1
1,36,1,12,16.98,1,0,0,0,1,0,0,1
1,66,1,12,12.68,1,0,0,0,1,0,0,1
1,68,0,10,12.68,1,0,0,0,1,0,0,1
1,55,0,60,19.29,1,0,0,0,0,1,1,1
1,63,1,30,15,1,0,0,0,1,0,0,1
1,63,1,12,35.89,2,0,0,0,1,0,0,1
1,72,0,18,16.98,2,0,0,0,1,0,0,1
1,53,1,60,21.65,2,0,0,0,1,1,1,1
1,53,1,12,16.98,2,0,0,0,1,0,0,1
1,67,1,72,23.07,1,0,0,0,1,0,0,1
1,52,0,72,15,2,0,0,0,1,0,0,1
1,71,0,12,12.68,1,0,0,0,1,0,0,1
1,39,1,36,32.55,1,0,0,0,0,0,0,1
1,59,1,72,15,1,0,0,0,1,0,0,1
1,62,1,6,12.68,1,0,0,0,1,0,0,1
1,63,0,10,12.68,1,0,0,0,1,0,0,1
1,73,0,36,23.94,1,0,0,0,1,0,0,1
1,62,1,12,12.68,1,0,0,0,1,0,0,1
1,43,0,72,15,1,0,0,0,1,0,0,1
1,53,1,24,30.71,1,0,0,0,1,0,0,1
1,67,1,36,24.41,1,0,0,0,1,0,0,1
1,63,1,12,12.68,1,0,0,0,1,0,0,1
1,56,0,18,12.68,1,0,0,0,1,1,1,1
1,34,0,6,12.68,1,0,0,0,1,0,0,1
1,61,1,12,12.68,1,0,0,0,1,0,0,1
1,67,0,30,39.46,1,0,0,0,1,0,0,1
1,42,1,3,12.68,1,0,0,0,1,0,0,1
1,57,0,12,12.68,1,0,0,0,1,0,0,1
1,50,0,72,15,1,0,0,0,1,0,0,1
1,50,0,72,15,1,0,0,0,1,0,0,1
1,55,0,36,16.98,2,0,0,0,1,0,0,1
1,76,0,17,12.68,1,0,0,0,1,1,1,1
1,72,1,24,12.68,1,0,0,0,1,0,0,1
1,72,0,12,12.68,1,0,0,0,1,1,1,1
1,57,1,12,16.98,2,0,0,0,1,0,0,1
1,37,1,72,16.7,1,0,0,0,1,0,0,1
1,37,1,2,12.68,1,0,0,0,1,0,0,1
1,61,0,8,44.85,2,0,0,0,1,0,0,1
1,51,0,6,12.68,1,0,0,0,1,0,0,1
1,64,0,6,45.35,1,0,0,0,1,0,0,1
1,63,0,6,12.68,1,0,0,0,1,0,0,1
1,64,1,48,16.98,2,0,0,0,1,0,0,1
1,61,0,15,12.68,1,0,0,0,1,0,0,1
1,46,0,10,12.68,1,0,0,0,1,0,0,1
1,46,0,24,19.56,1,0,0,0,1,0,0,4
1,55,1,70,17,1,0,0,0,1,0,0,1
1,47,0,72,15,2,0,0,0,1,0,0,1
1,55,0,72,14.5,1,0,0,0,1,0,0,1
1,53,1,60,24.08,2,0,0,0,0,0,0,1
1,48,1,36,12.68,1,0,0,0,1,1,1,1
1,48,1,36,12.68,1,0,0,0,1,0,1,1
1,53,0,72,15,1,0,0,0,1,0,0,1
1,48,1,12,12.68,1,0,0,0,1,0,0,1
1,55,1,18,36.28,1,0,0,0,1,0,0,1
1,57,0,36,32.33,2,0,0,0,1,0,0,1
1,57,0,72,17,1,0,0,0,1,0,0,1
1,81,0,16,12.68,1,0,0,0,1,0,0,1
1,68,0,12,12.68,1,0,0,0,1,0,0,1
1,43,0,12,12.68,1,0,0,0,1,0,0,4
1,62,1,66,19.95,2,0,0,0,1,0,0,1
1,37,0,12,19.56,1,0,0,0,1,0,0,1
1,47,0,20,12.68,1,0,0,0,1,0,0,1
1,47,1,24,19.56,1,0,0,0,1,0,0,1
1,36,0,15,12.68,1,0,0,0,1,0,1,1
1,51,1,72,15,1,0,0,0,1,0,0,1
1,64,0,48,28.83,1,0,0,0,1,0,0,4
1,52,0,3,12.68,1,0,0,0,1,0,0,1
1,53,0,12,12.68,1,0,0,0,1,0,0,4
1,62,0,10,12.68,1,0,0,0,1,1,1,1
1,42,0,10,19.56,1,0,0,0,1,0,0,1
1,42,0,21,19.56,1,0,0,0,1,0,1,1
1,42,0,10,19.56,1,0,0,0,1,0,1,1
1,61,0,12,16.98,1,0,0,0,1,0,0,1
1,61,0,12,16.98,1,0,0,0,1,0,0,1
1,58,0,24,35.89,1,0,0,0,1,0,0,1
1,58,0,73,15,2,0,0,0,1,0,0,1
1,58,0,6,12.68,1,0,0,0,1,0,0,1
1,54,0,72,17,2,0,0,0,1,0,0,1
1,53,1,4,12.68,1,0,0,0,1,0,0,1
1,51,0,6,12.68,1,0,0,0,1,0,0,1
1,66,0,8,12.68,1,0,0,0,1,0,0,1
1,61,0,8,12.68,1,0,0,0,1,0,0,1
1,57,0,18,16.98,2,0,0,0,1,0,0,1
1,65,1,16,19.56,1,0,0,0,1,0,0,4
1,60,0,24,19.56,1,0,0,0,1,1,1,1
1,60,0,18,19.56,1,0,0,0,1,0,1,1
1,48,0,60,25.76,1,0,0,0,1,0,0,1
1,64,0,30,19.56,1,0,0,0,1,1,1,1
1,64,0,48,19.56,1,0,0,0,1,1,1,1
1,51,0,12,12.68,1,0,0,0,1,1,1,1
1,69,1,72,16.7,2,0,0,0,1,1,1,1
1,69,1,36,16.98,1,0,0,0,1,0,0,1
1,62,0,18,19.56,1,0,0,0,1,0,0,1
1,43,0,72,15,2,0,0,0,1,0,0,1
1,43,0,24,19.56,1,0,0,0,1,0,0,1
1,44,1,60,15,1,0,0,0,1,0,0,1
1,44,1,24,32.33,2,0,0,0,1,0,0,1
1,56,0,30,30.58,2,0,0,0,1,0,0,1
1,36,0,10,12.68,1,0,0,0,1,0,0,4
1,63,0,5,12.68,1,0,0,0,1,0,0,1
1,57,0,16,12.68,1,0,0,0,1,0,0,1
1,69,0,12,12.68,1,0,0,0,1,0,0,1
1,53,0,72,17,1,0,0,0,1,0,0,1
1,53,0,72,17,1,0,0,0,1,0,0,1
1,55,0,12,12.68,1,0,0,0,1,0,0,1
1,52,0,72,15,1,0,0,0,1,0,0,1
1,52,0,72,15,2,0,0,0,1,0,0,1
1,69,1,48,17,1,0,0,0,1,0,0,1
1,45,1,30,23.94,2,0,0,0,1,0,0,1
1,45,0,12,12.68,1,0,0,0,1,0,0,1
1,58,0,96,13.16,2,0,0,0,0,1,1,1
1,61,1,4,12.68,1,0,0,0,1,0,0,1
1,61,1,5,12.68,1,0,0,0,1,0,0,1
1,51,1,12,50.96,1,0,0,0,0,0,0,1
1,61,0,72,16,1,0,0,0,1,0,0,4
1,57,1,73,39.29,2,0,0,0,1,0,0,4
1,58,0,34,15,1,0,0,0,1,0,0,1
1,71,0,10,12.68,1,0,0,0,1,0,0,1
1,72,1,24,16.98,2,0,0,0,1,0,0,1
1,70,0,60,19.56,1,0,0,0,1,1,1,1
1,64,1,6,12.68,1,0,0,0,1,0,0,1
1,67,1,10,19.56,1,0,0,0,1,0,0,1
1,60,0,18,16.98,2,0,0,0,1,0,0,1
1,72,1,18,27.68,1,0,0,0,1,0,0,1
1,51,0,72,15,1,0,0,0,1,0,0,1
1,65,0,12,16.98,2,0,0,0,1,0,0,1
1,52,0,72,15,1,0,0,0,1,0,0,1
1,57,0,18,19.56,1,0,0,0,1,1,1,1
1,57,0,18,19.56,1,0,0,0,1,0,1,4
1,55,1,99,16.5,2,0,0,0,1,0,0,1
1,74,1,12,12.68,1,0,0,0,1,0,0,1
1,53,1,67,17,1,0,0,0,1,0,0,1
1,55,1,12,12.68,1,0,0,0,1,0,0,1
1,36,0,24,32.33,2,0,0,0,1,0,0,3
1,59,0,10,19.56,1,0,0,0,1,1,1,1
1,59,0,8,19.56,1,0,0,0,1,0,1,1
1,51,0,18,16.98,2,0,0,0,1,0,0,1
1,53,1,12,16.98,1,0,0,0,1,0,0,1
1,55,0,6,12.68,1,0,0,0,1,0,0,1
1,42,0,72,15,1,0,0,0,1,0,0,1
1,62,0,15,12.68,1,0,0,0,1,0,0,1
1,61,0,72,15,2,0,0,0,1,0,0,1
1,52,1,72,15,1,0,0,0,1,0,0,1
1,60,0,12,16.98,1,0,0,0,1,0,0,1
1,51,0,12,12.68,1,0,0,0,0,1,1,1
1,60,1,10,12.68,1,0,0,0,1,0,0,1
1,56,0,18,12.68,1,0,0,0,1,1,1,1
1,65,0,10,12.68,1,0,0,0,1,0,0,1
1,37,1,6,16.98,1,0,0,0,1,0,0,1
1,55,0,18,16.98,2,0,0,0,1,0,0,1
1,50,0,72,14.2,2,0,0,0,1,0,0,1
1,70,0,24,16.98,1,0,0,0,1,0,0,1
1,57,0,36,19.56,1,0,0,0,1,0,0,1
1,43,1,20,16.98,2,0,0,0,1,0,0,1
1,60,1,72,17,1,0,0,0,1,0,0,1
1,42,0,48,17,1,0,0,0,1,0,0,1
1,48,0,10,12.68,1,0,0,0,1,0,0,4
1,55,1,2,16.98,1,0,0,0,1,0,0,1
1,54,0,7,12.68,1,0,0,0,1,0,1,1
1,62,1,25,19.56,1,0,0,0,1,1,1,1
1,58,0,48,25.44,1,0,0,0,1,0,0,1
1,52,1,72,15,1,0,0,0,1,0,0,1
1,48,0,18,12.68,1,0,0,0,1,0,0,4
1,63,0,10,12.68,1,0,0,0,1,0,0,1
1,46,0,9,30.58,1,0,0,0,1,0,0,1
1,61,0,20,46.85,1,0,0,0,1,0,0,1
1,42,1,24,30.55,2,0,0,0,1,0,0,1
1,73,0,36,16.98,2,0,0,0,1,0,0,1
1,61,0,72,15,1,0,0,0,0,0,0,1
1,70,0,40,15,1,0,0,0,1,0,0,1
1,52,0,3,12.68,1,0,0,0,1,0,0,1
1,63,1,24,26.83,1,0,0,0,1,0,0,1
1,59,1,60,26.83,1,0,0,0,0,0,0,1
1,64,0,10,12.68,1,0,0,0,1,0,1,1
1,64,0,10,12.68,1,0,0,0,1,1,1,1
1,73,1,11,12.68,1,0,0,0,1,0,0,1
1,65,0,6,12.68,1,0,0,0,1,0,0,1
1,62,0,60,19.56,1,0,0,0,1,0,0,1
1,60,0,24,19.56,1,0,0,0,1,1,1,1
1,60,0,12,12.68,1,0,0,0,1,0,0,1
1,53,0,12,12.68,1,0,0,0,1,0,0,1
1,67,0,36,32.55,1,0,0,0,1,0,0,1
1,54,0,12,41.96,1,0,0,0,1,1,1,1
1,54,0,72,18.34,1,0,0,0,1,1,1,1
1,58,1,72,15,2,0,0,0,1,0,0,1
1,58,1,72,15,1,0,0,0,1,0,0,1
1,64,0,9,38.46,2,0,0,0,1,0,0,1
1,78,0,18,12.68,1,0,0,0,1,0,1,1
1,78,0,18,12.68,1,0,0,0,1,1,1,1
1,58,1,72,15,1,0,0,0,1,0,0,1
1,63,0,12,12.68,1,0,0,0,1,0,0,1
1,63,0,12,12.68,1,0,0,0,1,0,0,1
1,55,0,72,16,1,0,0,0,1,0,0,1
1,60,0,15,52.96,1,0,0,0,1,0,0,1
1,46,1,24,16.98,1,0,0,0,1,0,0,1
1,46,1,24,16.98,1,0,0,0,1,0,0,1
1,38,0,11,25.76,1,0,0,0,1,0,0,1
1,47,0,8,12.68,1,0,0,0,1,0,0,1
1,47,0,6,12.68,1,0,0,0,1,0,0,1
1,44,0,11,12.68,1,0,0,0,1,0,0,1
1,37,0,36,28.77,2,0,0,0,1,0,0,1
1,70,1,10,12.68,1,0,0,0,1,0,0,1
1,70,0,18,16.98,2,0,0,0,1,0,0,1
1,39,0,48,19.56,1,0,0,0,1,0,0,4
1,67,0,18,12.68,1,0,0,0,1,0,1,1
1,67,0,18,12.68,1,0,0,0,1,1,1,1
1,75,0,72,18,1,0,0,0,1,0,0,1
1,53,0,72,17,1,0,0,0,1,0,0,1
1,57,0,23,17,1,0,0,0,1,0,0,1
1,62,1,72,15,1,0,0,0,0,0,0,1
1,60,0,24,16.98,2,0,0,0,1,0,0,1
1,52,0,12,35.89,1,0,0,0,1,0,0,1
1,25,0,181,12,2,0,0,0,1,1,1,1
1,50,1,8,12.68,1,0,0,0,1,0,0,1
1,47,0,24,19.56,1,0,0,0,1,1,1,1
1,50,1,72,17,1,0,0,0,1,0,0,1
1,40,1,60,17,1,0,0,0,1,0,0,4
1,61,0,48,20.34,1,0,0,0,1,0,0,1
1,53,0,23,41.96,2,0,0,0,1,0,0,1
1,41,0,11,25.76,1,0,0,0,1,0,0,1
1,47,1,12,19.56,1,0,0,0,1,1,1,1
1,47,1,6,19.56,1,0,0,0,1,0,1,1
1,54,0,72,15,2,0,0,0,1,1,1,1
1,51,0,72,19.42,2,0,0,0,1,0,0,1
1,70,0,12,12.68,1,0,0,0,1,0,0,1
1,51,0,96,14.5,2,0,0,0,1,1,1,1
1,41,1,6,12.68,1,0,0,0,1,0,0,1
1,50,0,24,30.55,2,0,0,0,1,0,0,4
1,48,0,24,19.56,1,0,0,0,1,0,0,4
1,60,1,12,19.56,1,0,0,0,1,0,0,1
1,68,1,24,12.68,1,0,0,0,1,0,0,1
1,65,0,12,12.68,1,0,0,0,1,0,0,1
1,61,0,18,16.98,2,0,0,0,1,0,0,1
1,67,0,24,16.98,2,0,0,0,1,0,0,1
1,34,0,24,35.89,2,0,0,0,1,0,0,4
1,81,0,20,12.68,1,0,0,0,1,0,0,1
1,51,0,7,12.68,1,0,0,0,1,0,0,1
1,59,0,84,15,2,0,0,0,1,0,1,1
1,52,1,5,12.68,1,0,0,0,1,0,0,1
1,64,1,74,19.95,2,0,0,0,1,0,0,3
1,71,1,24,27.68,2,0,0,0,1,0,0,1
1,60,0,24,39.45,2,0,0,0,1,0,0,1
1,55,0,6,50.96,2,0,0,0,1,0,0,1
1,47,0,12,18.37,1,0,0,0,1,0,0,1
1,47,0,24,19.37,1,0,0,0,1,0,0,1
1,47,0,13,27.03,1,0,0,0,1,0,0,1
1,61,0,36,32.55,1,0,0,0,1,0,0,1
1,26,1,10,12.68,1,0,0,0,1,0,0,4
1,53,0,48,21.65,2,0,0,0,1,0,0,1
1,51,1,18,35.89,2,0,0,0,1,0,0,4
1,51,1,15,39.45,1,0,0,0,0,0,0,2
1,54,1,18,52.96,1,0,0,0,1,0,0,1
1,40,0,12,50.96,1,0,0,0,0,0,0,1
1,47,0,12,16.98,1,0,0,0,1,0,0,1
1,47,1,24,12.68,1,0,0,0,1,0,0,2
1,74,1,24,16.98,2,0,0,0,1,0,0,1
1,45,0,6,12.68,1,0,0,0,1,0,0,1
1,45,0,5,12.68,1,0,0,0,1,0,0,1
1,46,1,60,25.1,1,0,0,0,1,0,0,1
1,59,0,72,17,1,0,0,0,1,0,0,1
1,43,0,12,12.68,1,0,0,0,1,0,0,1
1,67,1,36,16.98,1,0,0,0,1,0,0,1
1,68,0,10,12.68,1,0,0,0,1,0,0,1
1,53,0,36,28.83,1,0,0,0,1,0,0,1
1,70,1,72,15,1,0,0,0,1,0,0,1
1,54,0,72,17,1,0,0,0,1,0,0,1
1,51,0,24,23.94,1,0,0,0,1,0,0,1
1,56,1,8,12.68,1,0,0,0,1,0,0,1
1,48,1,6,12.68,1,0,0,0,1,0,0,1
1,39,1,48,28.83,1,0,0,0,1,0,0,1
1,57,0,60,15,2,0,0,0,1,1,1,1
1,57,0,36,30.58,2,0,0,0,1,1,1,1
1,65,0,12,12.68,1,0,0,0,1,0,0,1
1,44,1,48,28.51,1,0,0,0,1,0,0,1
1,27,1,6,12.68,1,0,0,0,1,1,1,1
1,56,1,24,28.77,2,0,0,0,1,0,0,1
1,47,0,36,20.34,1,0,0,0,0,0,0,1
1,65,0,24,12.68,1,0,0,0,1,0,1,1
1,38,0,60,17,2,0,0,0,1,0,0,1
1,54,0,12,12.68,1,0,0,0,1,0,1,1
1,54,0,12,12.68,1,0,0,0,1,0,1,1
1,45,1,24,35.89,2,0,0,0,0,0,0,1
1,50,1,12,12.68,1,0,0,0,1,0,0,1
1,61,1,1,12.68,1,0,0,0,1,0,0,1
1,61,1,2,12.68,1,0,0,0,1,0,0,1
1,43,0,10,27.68,1,0,0,0,1,0,0,1
1,48,0,72,15,1,0,0,0,1,0,0,1
1,57,0,20,12.68,1,0,0,0,1,0,0,4
1,63,0,72,17,1,0,0,0,0,0,0,1
1,55,0,60,26.83,1,0,0,0,1,0,0,1
1,27,0,24,12.68,1,0,0,0,1,0,1,1
1,65,0,24,18.37,2,0,0,0,1,0,0,1
1,59,1,12,16.98,1,0,0,0,1,0,0,1
1,51,0,72,15,1,0,0,0,1,0,0,1
1,71,1,65,47.64,2,0,0,0,1,0,0,1
1,53,0,72,15,1,0,0,0,1,0,0,3
1,43,0,48,30.55,1,0,0,0,1,0,0,1
1,43,0,68,15,2,0,0,0,1,0,0,1
1,27,1,24,12.68,1,0,0,0,1,0,0,1
1,49,0,72,17,1,0,0,0,0,0,0,1
1,49,0,18,52.96,1,0,0,0,1,0,0,1
1,59,0,6,12.68,1,0,0,0,1,0,0,1
1,25,1,15,12.68,1,0,0,0,0,1,1,1
1,64,1,8,12.68,1,0,0,0,1,0,0,1
1,65,1,6,12.68,1,0,0,0,1,0,0,2
1,58,0,72,15,1,0,0,0,1,0,0,1
1,58,1,12,12.68,1,0,0,0,1,0,0,1
1,42,0,60,19.56,1,0,0,0,1,1,1,1
1,69,0,6,12.68,1,0,0,0,1,0,0,1
1,56,1,72,15,2,0,0,0,1,0,0,1
1,63,0,36,28.77,1,0,0,0,1,0,0,1
1,68,1,12,16.98,2,0,0,0,1,0,0,1
1,48,1,36,32.33,2,0,0,0,1,0,0,1
1,52,0,5,12.68,1,0,0,0,1,0,0,4
1,32,1,12,12.68,1,0,0,0,1,0,1,1
1,63,0,12,12.68,1,0,0,0,1,0,0,1
1,60,1,60,25.44,2,0,0,0,1,0,0,1
1,60,1,24,25.44,2,0,0,0,1,0,0,1
1,64,0,6,12.68,1,0,0,0,1,0,0,1
1,50,0,24,27.93,2,0,0,0,0,0,0,1
1,68,0,12,26.01,2,0,0,0,1,0,0,1
1,57,0,12,12.68,1,0,0,0,1,0,0,1
1,59,1,72,15,1,0,0,0,1,0,0,1
1,76,0,9,12.68,1,0,0,0,1,0,0,1
1,48,1,8,12.68,1,0,0,0,1,0,1,4
1,63,0,18,12.68,1,0,0,0,1,0,0,1
1,63,0,18,12.68,1,0,0,0,1,0,0,1
1,74,0,12,16.98,1,0,0,0,1,0,0,1
1,68,1,24,12.68,1,0,0,0,1,0,0,1
1,64,0,12,12.68,1,0,0,0,0,0,0,1
1,66,0,34,12.68,1,0,0,0,1,0,0,1
1,70,1,24,41.96,1,0,0,0,1,0,0,1
1,70,1,48,32.55,1,0,0,0,1,0,0,1
1,44,0,18,12.68,1,0,0,0,1,0,0,4
1,44,0,73,19.95,1,0,0,0,1,0,0,1
1,57,0,73,17,1,0,0,0,1,0,0,1
1,67,0,12,12.68,1,0,0,0,1,0,0,1
1,51,1,120,19.5,2,0,0,0,1,1,1,4
1,51,1,96,19.5,1,0,0,0,1,0,0,1
1,61,1,72,15,2,0,0,0,1,0,0,1
1,61,1,36,35.89,2,0,0,0,1,0,0,1
1,56,1,6,19.56,1,0,0,0,0,0,0,1
1,48,1,12,19.56,1,0,0,0,1,0,0,1
1,55,1,4,12.68,1,0,0,0,1,0,0,1
1,50,0,24,12.68,1,0,0,0,1,0,0,1
1,56,0,3,12.68,1,0,0,0,1,0,0,1
1,70,1,12,12.68,1,0,0,0,1,1,1,1
1,70,1,12,12.68,1,0,0,0,1,0,1,1
1,64,0,53,15,1,0,0,0,1,0,0,1
1,60,0,12,16.98,2,0,0,0,1,0,0,1
1,52,0,18,16.98,2,0,0,0,1,0,0,1
1,72,0,36,20.86,1,0,0,0,1,0,0,1
1,69,0,18,16.98,2,0,0,0,1,0,0,1
1,60,0,6,12.68,1,0,0,0,1,0,0,1
1,76,1,36,16.98,2,0,0,0,1,0,0,1
1,47,0,6,12.68,1,0,0,0,1,0,0,1
1,47,0,6,12.68,1,0,0,0,1,0,0,1
1,52,1,48,16.7,1,0,0,0,1,0,0,1
1,70,0,18,12.68,1,0,0,0,1,1,1,1
1,35,0,4,12.68,1,0,0,0,1,0,0,1
1,37,1,72,19.95,1,0,0,0,1,0,0,1
1,58,0,12,12.68,1,0,0,0,1,0,0,1
1,54,0,30,34.78,1,0,0,0,1,0,0,1
1,54,0,12,50.96,1,0,0,0,1,0,0,1
1,54,0,12,50.96,1,0,0,0,1,0,0,1
1,52,0,24,30.71,1,0,0,0,1,0,0,1
1,71,0,36,16.98,2,0,0,0,1,0,0,1
1,65,0,24,19.56,1,0,0,0,0,0,0,1
2,0,1,36,22.63,1,0,0,0,1,0,0,1
1,47,1,48,24.41,1,0,0,0,1,0,0,1
1,60,1,72,17,1,0,0,0,1,0,0,1
1,40,0,18,16.98,2,0,0,0,1,0,0,1
1,71,0,3,12.68,1,0,0,0,1,0,0,1
1,60,0,6,12.68,1,0,0,0,1,0,0,1
1,55,0,36,36.28,1,0,0,0,1,0,0,1
1,53,0,18,12.68,1,0,0,0,0,0,0,1
1,56,0,24,16.98,2,0,0,0,1,0,0,1
1,56,0,12,16.98,2,0,0,0,1,0,0,1
1,57,1,24,18.37,1,0,0,0,1,0,0,1
1,52,1,24,12.68,1,0,0,0,1,1,1,1
1,74,0,12,16.98,2,0,0,0,1,0,0,1
1,50,1,48,28.83,1,0,0,0,1,0,0,1
1,34,0,120,14,2,0,0,0,0,1,1,1
1,60,0,7,12.68,1,0,0,0,1,0,0,1
1,64,0,36,16.98,2,0,0,0,1,0,0,1
1,64,0,60,19.56,1,0,0,0,1,1,1,4
1,64,0,15,19.56,1,0,0,0,1,0,1,1
1,68,0,7,12.68,1,0,0,0,1,0,0,1
1,59,0,10,12.68,1,0,0,0,1,1,1,1
1,42,0,12,12.68,1,0,0,0,0,0,0,1
1,34,0,60,19.56,1,0,0,0,1,1,1,4
1,54,1,60,21.65,1,0,0,0,1,0,0,1
1,59,0,24,16.98,2,0,0,0,1,0,0,1
1,40,1,24,36.28,2,0,0,0,1,0,0,1
1,69,0,40,12.68,1,0,0,0,1,1,1,1
1,69,0,38,12.68,1,0,0,0,1,0,1,1
1,62,0,72,18.37,1,0,0,0,1,1,1,1
1,62,0,36,27.03,1,0,0,0,1,1,1,1
1,53,0,25,28.77,2,0,0,0,1,0,0,1
1,40,0,12,50.96,1,0,0,0,1,0,0,1
1,41,0,24,28.77,2,0,0,0,0,0,0,3
1,64,1,10,19.56,1,0,0,0,1,1,1,1
1,53,0,12,12.68,1,0,0,0,1,0,0,1
1,52,0,36,32.33,2,0,0,0,0,0,0,1
1,43,0,12,16.98,2,0,0,0,1,0,0,1
1,43,0,12,16.98,1,0,0,0,1,0,0,1
1,47,0,6,12.68,1,0,0,0,1,0,0,1
1,47,0,30,12.68,1,0,0,0,1,0,0,1
1,47,0,36,19.56,1,0,0,0,1,0,0,1
1,55,0,29,16.98,2,0,0,0,1,0,0,1
1,74,1,15,16.98,1,0,0,0,1,0,0,1
1,74,1,15,16.98,1,0,0,0,1,0,0,1
1,74,1,12,16.98,2,0,0,0,1,0,0,1
1,39,0,24,24.41,1,0,0,0,1,0,0,1
1,56,0,36,30.58,2,0,0,0,1,0,0,1
1,70,0,22,12.68,1,0,0,0,1,0,0,1
1,72,0,12,12.68,1,0,0,0,1,0,0,1
1,57,1,72,13.5,2,0,0,0,1,0,0,1
1,43,0,72,15,1,0,0,0,1,0,0,1
1,49,0,72,15,1,0,0,0,1,0,0,1
1,38,0,66,15,1,0,0,0,1,0,0,1
1,44,1,12,19.56,1,0,0,0,1,0,0,1
1,48,0,6,19.56,1,0,0,0,1,0,0,1
1,49,0,24,12.68,1,0,0,0,1,1,1,4
1,40,0,72,17,1,0,0,0,1,0,0,1
1,51,0,12,16.98,1,0,0,0,1,0,0,1
1,53,1,36,24.41,1,0,0,0,1,0,0,1
1,64,0,6,12.68,1,0,0,0,1,0,0,1
1,57,1,36,19.56,1,0,0,0,1,1,1,1
1,57,1,24,32.33,2,0,0,0,1,0,0,1
1,61,0,12,12.68,1,0,0,0,1,0,0,1
1,61,0,12,12.68,1,0,0,0,1,0,0,1
1,45,0,72,13.5,2,0,0,0,1,0,0,1
1,46,0,24,12.68,1,0,0,0,1,0,0,4
1,66,1,72,17,1,0,0,0,1,0,0,1
1,58,0,12,12.68,1,0,0,0,1,0,0,1
1,49,1,24,12.68,1,0,0,0,1,0,0,1
1,47,0,18,16.98,1,0,0,0,1,0,0,1
1,57,0,24,24.08,1,0,0,0,1,0,0,1
1,67,1,72,17,1,0,0,0,0,0,0,1
1,39,0,18,19.56,1,0,0,0,1,0,0,1
1,47,0,6,12.68,1,0,0,0,1,0,0,1
1,71,0,12,12.68,1,0,0,0,1,0,0,1
1,46,1,6,12.68,1,0,0,0,1,0,0,1
1,67,0,72,16.29,1,0,0,0,1,1,1,1
1,69,0,8,12.68,1,0,0,0,1,0,0,1
1,63,0,24,39.46,2,0,0,0,1,0,0,1
1,54,0,72,15,2,0,0,0,1,0,0,1
1,52,0,20,12.68,1,0,0,0,1,0,0,1
1,43,1,6,12.68,1,0,0,0,1,0,0,1
1,71,1,10,12.68,1,0,0,0,1,1,1,1
1,57,0,12,12.68,1,0,0,0,1,0,0,1
1,40,0,30,19.56,1,0,0,0,1,1,1,1
1,50,1,84,15.29,2,0,0,0,1,0,0,1
1,66,0,12,16.98,2,0,0,0,1,0,0,1
1,43,0,36,32.33,2,0,0,0,1,0,0,2
1,47,1,12,39.45,1,0,0,0,1,0,0,1
1,68,0,72,17,1,0,0,0,1,0,0,1
1,75,1,95,19.95,2,0,0,0,1,0,0,1
1,58,0,36,12.68,1,0,0,0,1,0,1,1
1,70,0,13,12.68,1,0,0,0,1,0,0,1
1,60,0,72,15,2,0,0,0,1,0,0,1
1,33,0,60,25.21,2,0,0,0,1,0,0,1
1,60,1,12,16.98,1,0,0,0,1,0,0,1
1,72,0,12,12.68,1,0,0,0,1,0,0,1
1,65,0,12,50.96,2,0,0,0,0,0,0,1
1,61,1,72,15,1,0,0,0,1,0,0,4
1,64,1,8,12.68,1,0,0,0,1,0,0,1
1,49,0,72,17,1,0,0,0,1,0,0,1
1,42,1,60,19.56,1,0,0,0,1,1,1,1
1,70,0,18,19.56,1,0,0,0,1,0,0,1
1,64,1,60,16,1,0,0,0,1,0,0,1
1,72,1,11,12.68,1,0,0,0,1,0,0,4
1,22,1,6,12.68,1,0,0,0,0,0,0,1
1,70,0,36,12.68,1,0,0,0,1,1,1,1
1,41,0,12,39.45,2,0,0,0,1,0,0,1
1,49,0,60,16.7,1,0,0,0,1,0,0,1
1,57,0,18,19.56,1,0,0,0,1,1,1,1
1,72,0,60,19.56,1,0,0,0,0,1,1,1
1,39,0,12,12.68,1,0,0,0,1,0,0,1
1,42,1,72,17,1,0,0,0,1,0,0,1
1,48,1,6,12.68,1,0,0,0,1,0,0,1
1,48,1,30,12.68,1,0,0,0,1,0,0,1
1,52,0,41,17,1,0,0,0,1,0,0,1
1,66,1,73,15,1,0,0,0,1,0,0,1
1,59,1,18,39.45,2,0,0,0,0,0,0,1
1,59,0,12,12.68,1,0,0,0,1,0,0,1
1,59,0,12,12.68,1,0,0,0,1,0,0,1
1,55,1,12,38.96,2,0,0,0,0,0,0,1
1,70,0,7,12.68,1,0,0,0,1,0,0,1
1,50,0,18,52.96,1,0,0,0,1,0,0,1
1,60,0,12,12.68,1,0,0,0,1,0,0,1
1,53,0,6,12.68,1,0,0,0,1,0,0,1
1,69,0,8,12.68,1,0,0,0,1,0,0,4
1,60,1,30,32.55,1,0,0,0,1,0,0,1
1,51,0,18,24.08,1,0,0,0,1,0,0,1
1,55,0,15,19.56,1,0,0,0,1,1,1,4
1,75,0,13,12.68,1,0,0,0,1,0,0,1
1,53,0,13,12.68,1,0,0,0,1,0,0,1
1,37,0,2,12.68,1,0,0,0,1,0,0,1
1,77,1,9,12.68,1,0,0,0,1,1,1,1
1,62,1,48,28.77,2,0,0,0,1,0,0,1
1,50,0,5,12.68,1,0,0,0,1,0,0,1
1,50,0,5,19.56,1,0,0,0,1,0,0,1
1,50,0,12,12.68,1,0,0,0,1,0,0,1
1,45,0,30,32.33,1,0,0,0,0,0,0,4
1,52,0,31,16.98,1,0,0,0,1,0,0,1
1,63,0,24,27.01,2,0,0,0,1,0,0,1
1,56,0,24,16.98,1,0,0,0,1,0,0,1
1,63,0,36,25.76,1,0,0,0,1,0,0,1
1,55,1,72,15,1,0,0,0,1,0,0,1
1,55,1,72,15,1,0,0,0,1,0,0,1
1,55,1,12,19.56,1,0,0,0,1,0,0,1
1,52,0,72,15,1,0,0,0,1,0,0,1
1,61,0,6,12.68,1,0,0,0,1,0,0,1
1,71,1,5,12.68,1,0,0,0,1,0,0,1
1,71,1,6,12.68,1,0,0,0,1,0,0,1
1,62,1,24,12.68,1,0,0,0,1,1,1,1
1,61,1,48,25.21,2,0,0,0,1,0,0,1
1,56,1,73,14.5,1,0,0,0,1,0,0,1
1,59,1,72,15,1,0,0,0,1,0,0,1
1,59,1,72,15,1,0,0,0,1,0,0,1
1,68,0,48,25.1,1,0,0,0,1,0,0,1
1,68,0,24,52.96,1,0,0,0,1,0,0,1
1,60,0,72,15,2,0,0,0,1,0,0,1
1,43,1,60,14.92,2,0,0,0,1,1,1,3
1,43,1,36,27.03,2,0,0,0,1,1,1,3
1,69,1,12,12.68,1,0,0,0,1,1,1,1
1,37,0,4,12.68,1,0,0,0,1,0,0,1
1,66,1,10,12.68,1,0,0,0,1,0,0,1
1,46,0,18,52.96,1,0,0,0,0,0,0,1
1,51,0,12,39.45,1,0,0,0,1,0,0,1
1,48,0,36,16.98,2,0,0,0,1,0,0,1
1,55,0,49,17,1,0,0,0,1,0,0,1
1,49,0,12,39.45,1,0,0,0,1,0,0,1
1,75,0,12,12.68,1,0,0,0,1,0,0,1
1,61,0,72,15,1,0,0,0,1,0,0,1
1,57,0,4,12.68,1,0,0,0,1,0,0,1
1,70,1,4,12.68,1,0,0,0,1,0,0,1
1,70,1,4,12.68,1,0,0,0,1,0,0,1
1,68,0,3,12.68,1,0,0,0,1,0,0,4
1,63,0,72,24.41,1,0,0,0,1,0,0,1
1,65,0,17,30.71,1,0,0,0,1,0,0,1
1,46,0,7,12.68,1,0,0,0,1,0,0,1
1,72,1,6,12.68,1,0,0,0,1,0,0,1
1,72,0,10,12.68,1,0,0,0,1,0,0,1
1,45,1,12,12.68,1,0,0,0,1,0,0,1
1,63,0,8,12.68,1,0,0,0,1,0,0,1
1,60,1,42,15,1,0,0,0,1,0,0,1
1,37,0,20,35.89,2,0,0,0,1,0,0,1
1,54,0,38,15,1,0,0,0,1,0,0,1
1,40,0,3,12.68,1,0,0,0,1,0,0,1
1,50,1,54,17,2,0,0,0,1,0,0,1
1,63,0,13,12.68,1,0,0,0,1,0,0,1
1,54,0,8,19.56,1,0,0,0,1,0,0,1
1,60,1,72,15,1,0,0,0,1,0,0,1
1,67,1,24,16.98,2,0,0,0,1,0,0,1
1,49,1,24,25.53,1,0,0,0,1,0,0,1
1,48,0,24,19.56,1,0,0,0,1,1,1,1
1,48,0,36,19.56,1,0,0,0,1,0,0,1
1,65,0,32,25.76,1,0,0,0,1,0,0,1
1,51,0,12,12.68,1,0,0,0,0,0,0,1
1,51,1,8,12.68,1,0,0,0,1,0,0,1
1,51,1,9,12.68,1,0,0,0,1,0,0,1
1,35,1,72,13.16,1,0,0,0,0,1,1,1
1,69,1,5,12.68,1,0,0,0,1,0,0,1
1,64,0,12,12.68,1,0,0,0,1,0,0,1
1,64,0,13,12.68,1,0,0,0,1,0,0,1
1,63,1,15,12.68,1,0,0,0,1,0,0,1
1,52,0,10,12.68,1,0,0,0,1,0,0,1
1,59,0,72,19,1,0,0,0,1,0,0,1
1,37,0,60,28.83,2,0,0,0,0,0,0,1
1,39,0,5,12.68,1,0,0,0,1,0,0,1
1,75,1,40,24.41,1,0,0,0,1,0,0,1
1,58,0,12,12.68,1,0,0,0,1,1,1,1
1,29,1,60,25.21,2,0,0,0,1,1,1,1
1,36,1,5,12.68,1,0,0,0,1,0,0,1
1,57,0,12,16.98,2,0,0,0,1,0,0,1
1,47,1,72,15,1,0,0,0,1,0,0,1
1,52,0,60,15,1,0,0,0,1,0,0,1
1,36,0,24,16.98,2,0,0,0,1,0,0,1
1,63,0,24,18.37,1,0,0,0,1,0,0,1
1,48,0,72,15,2,0,0,0,1,0,0,1
1,63,0,14,12.68,1,0,0,0,1,0,0,1
1,73,0,11,12.68,1,0,0,0,1,0,0,1
1,73,0,10,12.68,1,0,0,0,1,0,0,1
1,58,0,48,24.08,1,0,0,0,1,0,0,1
1,51,0,72,15,1,0,0,0,1,0,0,1
1,33,1,12,12.68,1,0,0,0,1,0,0,2
1,69,1,36,16.98,1,0,0,0,1,0,0,1
1,69,1,36,22.63,2,0,0,0,1,0,0,1
1,54,0,12,12.68,1,0,0,0,1,0,0,1
1,65,0,54,53.97,2,0,0,0,1,0,0,1
1,48,1,12,50.96,1,0,0,0,1,0,0,1
1,73,1,30,12.68,1,0,0,0,1,0,0,1
1,66,1,10,12.68,1,0,0,0,1,0,0,1
1,48,0,51,16.29,2,0,0,0,1,0,0,4
1,59,0,12,16.98,2,0,0,0,1,0,0,1
1,50,0,12,19.56,1,0,0,0,1,0,0,1
1,72,0,6,12.68,1,0,0,0,1,0,0,1
1,19,0,4,12.68,1,0,0,0,1,0,0,1
1,64,1,18,12.68,1,0,0,0,1,0,0,1
1,39,0,72,15,2,0,0,0,0,0,0,1
1,47,0,6,12.68,1,0,0,0,1,0,0,1
1,60,1,18,12.68,1,0,0,0,1,0,0,1
1,60,1,18,12.68,1,0,0,0,1,0,0,1
1,58,0,72,14.11,1,0,0,0,1,0,0,1
1,64,0,61,15,1,0,0,0,1,0,0,1
1,61,0,60,19.56,1,0,0,0,1,1,1,1
1,61,0,24,19.56,1,0,0,0,1,0,1,1
1,50,0,24,12.68,1,0,0,0,1,0,0,1
1,55,0,12,12.68,1,0,0,0,0,0,0,1
1,47,0,6,19.56,1,0,0,0,1,0,0,1
1,41,0,140,12,2,0,0,0,1,1,1,1
1,69,0,12,19.56,1,0,0,0,1,1,1,1
1,57,0,10,12.68,1,0,0,0,1,0,0,1
1,62,0,12,12.68,1,0,0,0,1,0,0,1
1,53,0,36,19.56,1,0,0,0,1,1,1,1
1,52,0,18,19.56,1,0,0,0,0,0,0,1
1,67,0,20,16.98,1,0,0,0,1,0,0,1
1,65,0,10,19.56,1,0,0,0,1,0,0,1
1,65,0,10,19.56,1,0,0,0,1,0,0,1
1,58,1,72,30.5,2,0,0,0,1,0,0,4
1,50,0,72,17,2,0,0,0,1,0,0,1
1,75,0,12,16.98,1,0,0,0,1,0,0,1
1,75,0,12,16.98,2,0,0,0,1,0,0,1
1,50,0,48,16.98,2,0,0,0,1,0,0,1
1,48,0,72,15,1,0,0,0,1,0,0,1
1,50,1,48,31.58,2,0,0,0,1,0,0,3
1,54,0,18,40.96,1,0,0,0,1,0,0,1
1,72,1,36,20.34,1,0,0,0,1,0,0,1
1,46,0,24,12.68,1,0,0,0,1,0,1,4
1,52,0,9,12.68,1,0,0,0,1,0,0,1
1,52,0,5,12.68,1,0,0,0,1,0,0,1
1,47,0,24,19.56,1,0,0,0,1,0,0,1
1,47,0,6,12.68,1,0,0,0,1,0,0,1
1,33,0,12,19.56,1,0,0,0,0,0,0,1
1,52,0,72,15,1,0,0,0,1,0,0,1
1,65,1,12,12.68,1,0,0,0,1,0,0,1
1,35,0,4,12.68,1,0,0,0,1,0,0,1
1,56,0,6,16.98,2,0,0,0,1,0,0,1
1,70,1,12,12.68,1,0,0,0,1,1,1,1
1,45,0,12,12.68,1,0,0,0,1,0,0,4
1,37,0,48,31.37,2,0,0,0,1,0,0,3
1,70,1,12,12.68,1,0,0,0,1,0,0,1
1,45,0,72,15,1,0,0,0,1,0,0,1
1,45,0,36,24.08,1,0,0,0,1,0,0,4
1,39,0,12,16.98,2,0,0,0,1,0,0,1
1,57,0,12,12.68,1,0,0,0,1,0,0,1
1,52,1,18,46.85,1,0,0,0,1,0,0,1
1,45,0,36,32.33,2,0,0,0,1,0,0,1
1,63,1,72,16,1,0,0,0,1,0,0,1
1,51,1,6,16.98,1,0,0,0,1,0,0,1
1,39,1,48,32.33,2,0,0,0,1,0,0,3
1,50,0,72,17,1,0,0,0,1,0,0,1
1,70,0,24,16.98,2,0,0,0,1,0,0,1
1,47,0,14,19.56,1,0,0,0,1,0,0,4
1,61,1,12,34.28,1,0,0,0,1,0,0,1
1,73,0,12,12.68,1,0,0,0,1,0,0,1
1,77,0,24,16.98,2,0,0,0,1,0,0,1
1,57,0,12,19.56,1,0,0,0,1,0,0,1
1,69,1,12,12.68,1,0,0,0,1,0,0,1
1,47,0,24,28.77,2,0,0,0,1,0,0,1
1,31,0,12,50.96,1,0,0,0,1,0,0,1
1,33,0,30,32.55,1,0,0,0,1,0,0,1
1,58,0,24,32.33,2,0,0,0,1,0,0,1
1,32,1,26,36.28,2,0,0,0,1,0,0,4
1,49,1,48,12.68,1,0,0,0,1,1,1,1
1,58,0,36,30.71,1,0,0,0,1,0,0,1
1,38,1,8,12.68,1,0,0,0,1,0,0,1
1,43,0,36,28.77,1,0,0,0,1,0,0,1
1,66,0,18,12.68,1,0,0,0,1,1,1,1
1,42,0,48,21.65,2,0,0,0,1,0,0,1
1,42,0,72,15,1,0,0,0,1,0,0,1
1,63,1,24,30.71,1,0,0,0,1,0,0,1
1,76,1,36,19.56,1,0,0,0,1,0,1,1
1,38,0,12,45.35,1,0,0,0,1,0,0,1
1,40,0,3,12.68,1,0,0,0,1,0,0,4
1,68,0,12,12.68,1,0,0,0,1,0,1,1
1,56,1,16,16.98,2,0,0,0,1,0,0,1
1,54,1,60,15,1,0,0,0,1,0,0,1
1,73,0,6,12.68,1,0,0,0,1,0,0,1
1,61,1,18,19.56,1,0,0,0,1,0,0,1
1,47,1,10,19.56,1,0,0,0,1,0,0,1
1,66,0,48,32.55,2,0,0,0,0,0,0,3
1,51,0,72,17,1,0,0,0,1,0,0,1
1,44,0,60,19.56,1,0,0,0,1,0,0,1
1,66,1,10,19.56,1,0,0,0,1,0,0,1
1,42,0,24,40.96,2,0,0,0,0,0,0,3
1,50,0,24,39.46,1,0,0,0,1,0,0,1
1,62,0,13,12.68,1,0,0,0,1,0,0,1
1,66,1,12,16.98,2,0,0,0,1,0,0,1
1,40,1,181,12,2,0,0,0,1,0,0,1
1,60,0,12,12.68,1,0,0,0,1,0,0,1
1,43,1,48,25.21,2,0,0,0,1,0,0,3
1,37,1,36,18.37,1,0,0,0,1,1,1,1
1,37,1,60,14.24,2,0,0,0,1,0,0,1
1,62,0,18,12.68,1,0,0,0,1,1,1,1
1,67,0,5,19.56,1,0,0,0,1,0,0,1
1,67,0,6,50.96,1,0,0,0,1,0,0,1
1,53,0,24,12.68,1,0,0,0,1,0,1,1
1,40,1,72,15,2,0,0,0,1,0,0,1
1,51,0,12,12.68,1,0,0,0,1,1,1,1
1,44,0,10,12.68,1,0,0,0,1,0,0,1
1,54,0,24,39.46,1,0,0,0,1,0,0,4
1,62,0,36,17,1,0,0,0,1,0,0,1
1,64,1,6,16.98,1,0,0,0,1,0,0,1
1,48,0,12,12.68,1,0,0,0,1,0,1,1
1,66,0,28,12.68,1,0,0,0,1,1,1,1
1,45,1,12,16.98,2,0,0,0,1,0,0,1
1,54,1,18,52.96,1,0,0,0,1,0,0,1
1,43,1,12,19.56,1,0,0,0,1,1,1,1
1,49,0,12,34.78,1,0,0,0,1,0,0,1
1,52,0,36,17,2,0,0,0,1,0,0,1
1,58,0,72,17,1,0,0,0,0,0,0,1
1,61,0,72,17,1,0,0,0,1,0,0,1
1,61,0,60,17.5,1,0,0,0,1,1,1,1
1,58,0,73,15,1,0,0,0,1,0,0,1
1,65,0,60,25.76,1,0,0,0,1,0,0,1
1,55,1,72,17,1,0,0,0,1,0,0,1
1,59,0,24,16.98,1,0,0,0,1,0,0,1
1,38,0,9,30.71,1,0,0,0,1,0,0,4
1,38,0,18,35.89,2,0,0,0,1,0,0,3
1,51,0,3,12.68,1,0,0,0,1,0,0,1
1,67,0,12,16.98,1,0,0,0,1,0,0,1
1,53,0,24,35.89,1,0,0,0,1,0,0,1
1,44,1,12,12.68,1,0,0,0,1,0,0,1
1,44,1,13,12.68,1,0,0,0,1,0,0,1
1,49,0,18,16.98,2,0,0,0,1,0,0,1
1,68,0,10,12.68,1,0,0,0,1,0,0,1
1,54,0,6,12.68,1,0,0,0,1,0,0,1
1,42,0,60,31.58,2,0,0,0,1,0,0,1
1,66,0,12,12.68,1,0,0,0,1,0,0,1
1,34,1,4,12.68,1,0,0,0,1,0,0,1
1,65,0,16,50.96,1,0,0,0,1,0,0,1
1,64,0,48,32.55,1,0,0,0,1,0,0,1
1,45,0,72,15,1,0,0,0,1,0,0,1
1,46,0,18,52.96,1,0,0,0,1,0,0,1
1,38,0,72,15,2,0,0,0,1,0,0,1
1,38,0,10,12.68,1,0,0,0,1,0,0,1
1,72,1,36,23.07,1,0,0,0,1,0,0,1
1,38,0,18,12.68,1,0,0,0,1,1,1,1
1,43,0,72,17,2,0,0,0,1,0,0,1
1,66,1,7,12.68,1,0,0,0,1,1,1,1
1,39,0,24,16.98,1,0,0,0,1,0,0,1
1,55,0,6,12.68,1,0,0,0,1,0,0,1
1,32,0,6,12.68,1,0,0,0,1,0,0,1
1,32,0,6,12.68,1,0,0,0,1,0,0,1
1,60,0,12,12.68,1,0,0,0,0,0,0,1
1,56,0,72,15,1,0,0,0,1,0,0,1
1,46,0,60,20.34,1,0,0,0,0,0,0,1
1,59,1,72,15,2,0,0,0,1,0,0,1
1,63,1,12,12.68,1,0,0,0,1,0,0,1
1,57,0,15,16.98,1,0,0,0,1,0,0,1
1,75,0,7,12.68,1,0,0,0,1,0,0,1
1,62,1,60,16.7,2,0,0,0,1,1,1,1
1,62,1,36,31.58,2,0,0,0,1,1,1,1
1,43,1,24,16.98,2,0,0,0,1,0,0,1
1,51,0,24,21.65,2,0,0,0,1,0,0,1
1,58,0,6,39.45,1,0,0,0,1,0,0,1
1,49,1,72,24.41,1,0,0,0,1,0,0,1
1,49,1,5,12.68,1,0,0,0,1,0,0,1
1,51,1,12,12.68,1,0,0,0,1,0,0,1
1,66,0,12,19.56,1,0,0,0,1,0,0,1
1,63,1,18,12.68,1,0,0,0,1,0,0,1
1,60,0,6,12.68,1,0,0,0,1,0,0,1
1,60,0,18,19.56,1,0,0,0,1,0,0,1
1,61,1,36,19.56,1,0,0,0,0,0,0,4
1,61,1,36,19.56,1,0,0,0,1,0,0,4
1,56,0,60,15,1,0,0,0,1,0,0,1
1,74,0,6,12.68,1,0,0,0,1,0,0,1
1,62,0,10,12.68,1,0,0,0,1,0,0,1
1,50,1,6,12.68,1,0,0,0,1,0,0,1
1,33,0,48,28.77,2,0,0,0,1,0,0,1
1,68,0,7,12.68,1,0,0,0,1,0,0,4
1,54,0,24,20.34,2,0,0,0,1,0,0,1
1,38,0,8,12.68,1,0,0,0,1,0,0,1
1,55,1,12,12.68,1,0,0,0,1,0,0,1
1,55,1,12,12.68,1,0,0,0,1,0,0,1
1,70,0,12,12.68,1,0,0,0,1,0,0,1
1,65,1,18,30.71,1,0,0,0,1,0,0,1
1,61,0,15,16.98,2,0,0,0,1,0,0,1
1,43,1,48,25.21,2,0,0,0,1,0,0,1
1,71,1,35,17,1,0,0,0,1,0,0,1
1,69,0,6,12.68,1,0,0,0,1,0,0,1
1,55,0,6,12.68,1,0,0,0,1,0,0,1
1,69,1,6,16.98,2,0,0,0,1,0,0,1
1,69,1,7,16.98,2,0,0,0,1,0,0,1
1,44,0,60,19.56,1,0,0,0,1,1,1,4
1,53,0,72,15,2,0,0,0,1,0,0,1
1,57,1,60,25.1,1,0,0,0,1,0,0,4
1,53,1,7,12.68,1,0,0,0,1,0,0,1
1,51,0,72,15,1,0,0,0,1,0,0,1
1,53,0,6,19.56,1,0,0,0,1,0,0,1
1,42,1,12,12.68,1,0,0,0,1,0,0,1
1,46,0,4,12.68,1,0,0,0,1,0,0,1
1,43,1,60,19.56,1,0,0,0,1,0,0,1
1,43,1,18,19.56,1,0,0,0,0,0,0,1
1,48,1,51,25.76,1,0,0,0,1,0,0,1
1,63,0,6,12.68,1,0,0,0,1,0,0,1
1,63,0,6,19.56,1,0,0,0,1,0,0,1
1,57,0,10,19.56,1,0,0,0,1,0,0,1
1,75,0,17,31.58,2,0,0,0,1,0,0,1
1,75,0,60,18.37,2,0,0,0,1,0,1,3
1,29,1,18,39.46,1,0,0,0,1,0,0,1
1,36,0,12,12.68,1,0,0,0,1,0,0,1
1,65,0,18,39.46,1,0,0,0,0,0,0,1
1,61,0,3,12.68,1,0,0,0,1,0,0,1
1,36,0,18,19.56,1,0,0,0,1,0,0,1
1,53,1,72,15,2,0,0,0,1,0,0,1
1,74,0,24,12.68,1,0,0,0,1,0,0,1
1,62,1,60,25.76,1,0,0,0,1,0,0,1
1,52,0,73,17,1,0,0,0,1,0,0,1
1,73,0,6,12.68,1,0,0,0,1,0,0,1
1,57,1,18,12.68,1,0,0,0,1,0,0,1
1,53,0,18,40.96,2,0,0,0,1,0,0,1
1,74,0,24,19.56,1,0,0,0,1,1,1,1
1,75,0,10,12.68,1,0,0,0,1,0,0,1
1,51,1,72,15,1,0,0,0,1,0,0,1
1,65,0,10,12.68,1,0,0,0,1,0,1,1
1,65,0,10,12.68,1,0,0,0,1,0,1,1
1,20,1,6,12.68,1,0,0,0,0,0,0,1
1,53,0,18,16.98,2,0,0,0,1,0,0,1
1,62,0,72,17,1,0,0,0,1,0,0,1
1,51,0,30,12.68,1,0,0,0,1,1,1,1
1,52,1,72,15,1,0,0,0,1,0,0,1
1,48,0,18,16.98,1,0,0,0,1,0,0,1
1,36,0,24,12.68,1,0,0,0,0,0,0,1
1,33,0,6,12.68,1,0,0,0,1,0,0,1
1,37,1,72,23.07,1,0,0,0,1,0,0,4
1,67,0,72,17,1,0,0,0,1,0,0,1
1,71,1,73,19,1,0,0,0,1,0,0,1
1,47,0,54,14,1,0,0,0,1,0,0,1
1,34,1,18,32.33,2,0,0,0,1,0,0,1
1,72,0,6,12.68,1,0,0,0,1,0,0,1
1,72,0,6,12.68,1,0,0,0,1,0,0,1
1,48,1,96,13.16,1,0,0,0,1,1,1,1
1,55,0,60,16.92,2,0,0,0,1,0,0,1
1,40,0,36,28.77,2,0,0,0,0,0,0,1
1,42,1,12,12.68,1,0,0,0,1,0,0,1
1,64,0,36,31.58,2,0,0,0,1,0,0,1
1,64,0,24,16.7,2,0,0,0,1,0,0,1
1,55,0,36,16.98,2,0,0,0,1,0,0,1
1,55,0,72,17,1,0,0,0,1,0,0,1
1,45,1,12,50.96,1,0,0,0,1,0,0,1
1,41,0,18,39.45,1,0,0,0,1,0,0,1
1,50,1,12,16.98,1,0,0,0,1,0,0,1
1,61,1,10,30.71,1,0,0,0,1,0,0,1
1,55,0,18,50.96,2,0,0,0,1,0,0,4
1,41,0,24,35.89,2,0,0,0,0,0,0,4
1,46,0,72,15,1,0,0,0,1,0,0,1
1,58,0,72,15,1,0,0,0,1,0,0,1
1,67,0,8,12.68,1,0,0,0,1,0,0,1
1,37,1,145,12,2,0,0,0,0,1,1,1
1,61,1,10,12.68,1,0,0,0,1,0,0,1
1,52,0,24,39.45,2,0,0,0,1,0,0,1
1,49,1,72,24.41,1,0,0,0,1,0,0,1
1,49,1,58,24.41,1,0,0,0,1,0,0,1
1,72,1,12,12.68,1,0,0,0,1,0,0,2
1,54,0,12,12.68,1,0,0,0,1,0,0,1
1,56,0,13,35.28,1,0,0,0,1,0,0,1
1,60,1,24,12.68,1,0,0,0,1,0,0,1
1,60,1,24,12.68,1,0,0,0,1,0,0,1
1,51,1,36,12.68,1,0,0,0,1,0,1,1
1,51,1,3,12.68,1,0,0,0,1,0,0,1
1,58,0,36,32.55,1,0,0,0,1,0,0,1
1,33,0,72,17,2,0,0,0,1,0,0,1
1,60,0,36,16.98,2,0,0,0,1,0,0,1
1,48,1,72,17,1,0,0,0,1,0,0,1
1,59,0,60,19.56,1,0,0,0,1,1,1,1
1,55,0,12,39.46,1,0,0,0,0,0,0,1
1,50,0,3,12.68,1,0,0,0,1,0,0,1
1,47,0,12,12.68,1,0,0,0,1,0,1,1
1,47,0,12,12.68,1,0,0,0,1,1,1,1
1,36,0,60,25.21,2,0,0,0,1,0,0,1
2,0,1,60,14.92,2,0,0,0,1,0,0,1
1,64,1,72,23.07,1,0,0,0,0,0,0,1
1,62,1,28,31.58,2,0,0,0,1,0,0,3
1,73,0,12,12.68,1,0,0,0,1,1,1,1
1,73,0,12,12.68,1,0,0,0,1,0,1,1
1,65,1,10,12.68,1,0,0,0,1,0,0,1
1,61,1,24,12.68,1,0,0,0,1,0,0,1
1,57,0,36,23.94,1,0,0,0,1,0,0,1
1,53,0,12,12.68,1,0,0,0,1,1,1,1
1,36,0,18,34.78,2,0,0,0,0,0,0,3
1,39,0,12,19.56,1,0,0,0,1,0,0,1
1,52,0,48,32.55,2,0,0,0,1,0,0,3
1,60,0,18,19.56,1,0,0,0,1,0,1,1
1,65,0,3,12.68,1,0,0,0,1,0,0,1
1,65,0,4,12.68,1,0,0,0,1,0,0,1
1,35,0,48,28.77,2,0,0,0,1,0,0,1
1,41,0,12,16.98,1,0,0,0,1,0,0,1
1,39,0,72,17,1,0,0,0,1,0,0,1
1,54,0,48,19.56,1,0,0,0,1,0,0,4
1,60,1,8,12.68,1,0,0,0,1,0,0,2
1,54,0,72,17,1,0,0,0,0,0,0,1
1,75,1,10,19.56,1,0,0,0,0,0,0,1
1,49,0,11,25.76,1,0,0,0,0,0,0,1
1,55,0,6,12.68,1,0,0,0,1,0,0,1
1,43,0,12,12.68,1,0,0,0,1,0,0,4
1,51,0,24,16.98,2,0,0,0,1,0,0,1
1,56,1,72,16,1,0,0,0,1,0,0,1
1,70,0,12,19.56,1,0,0,0,1,0,0,1
1,65,0,12,12.68,1,0,0,0,1,0,0,1
1,51,1,60,25.1,1,0,0,0,1,0,0,1
1,49,0,12,50.96,2,0,0,0,0,0,0,1
1,46,0,6,12.68,1,0,0,0,1,0,0,1
1,35,0,48,27.93,2,0,0,0,1,0,0,1
1,48,0,36,19.56,1,0,0,0,1,0,0,1
1,55,0,12,12.68,1,0,0,0,1,0,0,1
1,56,1,72,15,1,0,0,0,1,0,0,1
1,64,0,10,16.98,2,0,0,0,1,0,0,1
1,61,0,3,12.68,1,0,0,0,1,0,0,1
1,25,1,12,12.68,1,0,0,0,1,0,0,1
1,43,0,9,16.98,1,0,0,0,1,0,0,1
1,51,0,72,15,1,0,0,0,1,0,0,1
1,60,1,48,25.44,2,0,0,0,1,0,0,4
1,45,1,12,12.68,1,0,0,0,1,0,0,1
1,61,0,10,12.68,1,0,0,0,1,0,0,1
1,37,0,24,12.68,1,0,0,0,1,0,0,1
1,58,1,12,12.68,1,0,0,0,1,0,0,1
1,72,1,12,12.68,1,0,0,0,1,0,1,1
1,50,1,12,12.68,1,0,0,0,1,0,0,1
1,43,0,18,16.98,1,0,0,0,1,0,0,1
1,32,1,18,35.89,1,0,0,0,1,0,0,4
1,32,1,24,25.21,2,0,0,0,1,0,0,1
1,58,1,7,12.68,1,0,0,0,1,0,0,1
1,35,0,18,12.68,1,0,0,0,1,0,0,1
1,60,0,6,12.68,1,0,0,0,1,0,0,1
1,60,0,18,12.68,1,0,0,0,1,1,1,1
1,52,0,6,19.56,1,0,0,0,1,0,0,1
1,52,0,10,12.68,1,0,0,0,1,0,0,1
1,40,0,10,12.68,1,0,0,0,1,0,0,1
1,72,1,18,12.68,1,0,0,0,1,1,1,1
1,44,1,12,16.98,1,0,0,0,1,0,0,1
1,49,0,72,15,2,0,0,0,1,0,0,1
1,44,0,72,15,1,0,0,0,1,0,0,1
1,44,0,72,15,2,0,0,0,1,0,0,1
1,71,0,21,12.68,1,0,0,0,1,0,0,1
1,70,0,24,39.46,1,0,0,0,1,0,0,1
1,62,0,4,12.68,1,0,0,0,1,0,0,1
1,53,1,36,11.99,2,1,0,0,0,1,0,2
1,50,0,18,39.46,1,0,0,0,1,0,0,1
1,71,1,16,27.03,1,0,0,0,1,0,0,1
1,47,0,21,35.89,2,0,0,0,1,0,0,1
1,47,0,10,12.68,1,0,0,0,1,0,0,1
1,60,0,4,16.98,2,0,0,0,1,0,0,1
1,49,0,6,50.96,2,0,0,0,0,0,0,1
1,47,0,72,15,1,0,0,0,1,0,0,1
1,63,0,60,19.56,1,0,0,0,1,1,1,1
1,54,1,36,36.28,1,0,0,0,1,0,0,1
1,48,0,72,14.92,2,0,0,0,1,1,1,1
1,46,0,18,12.68,1,0,0,0,1,0,1,1
1,56,0,60,20.34,2,0,0,0,1,0,0,1
1,56,0,36,28.51,2,0,0,0,1,0,0,1
1,56,0,72,25.76,1,0,0,0,1,0,0,1
1,58,0,18,52.96,1,0,0,0,1,0,0,1
1,42,1,18,16.98,1,0,0,0,1,0,0,1
1,34,0,30,17,1,0,0,0,1,0,0,1
1,50,1,36,27.03,1,0,0,0,1,1,1,1
1,50,1,60,21.37,2,0,0,0,1,1,1,2
1,60,1,24,16.98,2,0,0,0,1,0,0,1
1,64,1,12,12.68,1,0,0,0,1,0,0,1
1,61,1,60,20.34,1,0,0,0,1,0,0,1
1,61,1,24,32.33,2,0,0,0,1,0,0,1
1,56,1,18,35.89,1,0,0,0,1,0,0,1
1,61,0,12,19.56,1,0,0,0,1,0,0,1
1,25,1,8,12.68,1,0,0,0,1,0,0,1
1,36,1,60,25.21,2,0,0,0,1,0,0,3
1,40,0,12,12.68,1,0,0,0,1,0,0,1
1,71,1,12,12.68,1,0,0,0,1,0,0,1
1,52,1,72,15,2,0,0,0,1,0,0,1
1,51,0,72,15,1,0,0,0,1,0,0,1
1,45,1,56,16.7,1,0,0,0,1,0,0,1
1,47,1,84,19.29,1,0,0,0,1,1,1,1
1,56,0,10,12.68,1,0,0,0,1,0,0,1
1,56,0,10,12.68,1,0,0,0,1,0,0,1
1,46,0,18,12.68,1,0,0,0,1,0,0,1
1,33,1,10,39.45,2,0,0,0,1,0,0,1
1,55,0,52,15.92,2,0,0,0,1,1,1,1
1,61,1,60,17,1,0,0,0,1,0,0,1
1,61,1,12,39.45,1,0,0,0,1,0,0,1
1,37,0,140,12,2,0,0,0,0,1,1,1
1,68,0,7,12.68,1,0,0,0,1,0,0,4
1,67,0,12,16.98,2,0,0,0,1,0,0,1
1,67,0,8,12.68,1,0,0,0,1,0,0,1
1,61,0,24,16.98,2,0,0,0,1,0,0,1
1,64,1,36,28.83,2,0,0,0,1,0,0,3
1,48,0,16,12.68,1,0,0,0,1,0,0,1
1,66,0,6,12.68,1,0,0,0,1,0,0,1
1,66,0,4,12.68,1,0,0,0,1,0,0,1
1,69,0,12,12.68,1,0,0,0,1,0,0,1
1,70,0,48,25.76,1,0,0,0,1,0,0,1
1,40,1,6,12.68,1,0,0,0,1,0,0,1
1,64,0,72,18.37,2,0,0,0,1,0,1,1
1,50,0,12,50.96,2,0,0,0,1,0,0,2
1,52,0,20,24.08,1,0,0,0,1,0,0,1
1,58,0,36,18.37,2,0,0,0,1,0,0,1
1,20,1,12,12.68,1,0,0,0,0,0,0,1
1,43,0,12,12.68,1,0,0,0,1,1,1,1
1,58,1,15,52.96,1,0,0,0,1,0,0,1
1,57,1,12,16.98,2,0,0,0,1,0,0,1
1,73,0,52,19.56,1,0,0,0,1,0,0,1
1,54,0,60,28.83,1,0,0,0,1,0,0,1
1,61,1,12,39.45,1,0,0,0,1,0,0,1
1,51,0,15,12.68,1,0,0,0,1,1,1,4
1,64,0,36,28.77,2,0,0,0,1,0,0,1
1,39,1,12,16.98,2,0,0,0,1,0,0,1
1,39,1,24,16.98,2,0,0,0,1,0,0,1
1,21,0,12,12.68,1,0,0,0,1,0,0,1
1,31,0,24,12.68,2,0,0,0,1,0,0,1
1,40,0,72,15,2,0,0,0,1,0,0,1
1,54,0,14,39.46,2,0,0,0,1,0,0,3
1,55,0,20,12.68,1,0,0,0,1,0,0,1
1,55,0,21,12.68,1,0,0,0,1,0,0,1
1,47,0,18,18.37,1,0,0,0,1,0,0,1
1,78,1,15,12.68,1,0,0,0,1,0,0,1
1,55,1,60,24.41,2,0,0,0,1,0,0,1
1,53,1,84,14,1,0,0,0,1,1,1,1
1,53,1,36,24.08,1,0,0,0,1,1,1,1
1,53,1,12,50.96,1,0,0,0,1,0,0,1
1,51,1,9,12.68,1,0,0,0,1,1,1,1
1,49,0,72,24.41,1,0,0,0,1,0,0,1
1,61,1,30,16.98,2,0,0,0,1,0,0,1
1,43,0,72,15,2,0,0,0,1,0,0,1
1,46,0,6,12.68,1,0,0,0,1,0,1,1
1,44,1,72,15,1,0,0,0,1,0,0,1
1,64,1,15,16.98,1,0,0,0,1,0,0,1
1,54,1,15,35.89,1,0,0,0,1,0,0,1
1,58,0,10,12.68,1,0,0,0,1,0,0,2
1,57,0,5,12.68,1,0,0,0,1,0,0,1
1,53,1,18,12.68,1,0,0,0,1,0,0,4
1,33,1,30,19.37,1,0,0,0,1,0,1,1
1,33,1,25,31.58,2,0,0,0,1,1,1,1
1,44,1,12,35.89,1,0,0,0,1,0,0,1
1,35,1,12,35.89,1,0,0,0,0,0,0,1
1,35,0,48,20.34,2,0,0,0,0,0,0,1
1,35,0,12,35.89,1,0,0,0,1,0,0,1
1,71,1,22,27.01,2,0,0,0,1,0,0,1
1,57,0,6,16.98,2,0,0,0,1,0,0,1
1,70,1,32,36.28,2,0,0,0,1,0,0,1
1,63,0,36,15,1,0,0,0,1,0,0,1
1,49,0,72,15,1,0,0,0,1,0,0,1
1,46,0,1,125.22,1,0,0,0,1,0,0,1
1,46,0,6,30.71,1,0,0,0,1,0,0,1
1,48,0,6,12.68,1,0,0,0,1,0,1,1
1,48,0,6,12.68,1,0,0,0,1,0,1,1
1,45,0,28,28.77,1,0,0,0,1,0,0,1
1,46,1,11,25.76,1,0,0,0,1,0,0,1
1,46,1,3,12.68,1,0,0,0,1,0,0,1
1,42,0,68,15,2,0,0,0,1,0,0,1
1,46,0,10,12.68,1,0,0,0,1,0,0,1
1,56,1,72,17,1,0,0,0,1,0,0,1
1,43,1,10,12.68,1,0,0,0,1,0,0,1
1,45,0,18,12.68,1,0,0,0,1,0,0,1
1,45,0,3,19.56,1,0,0,0,1,0,0,1
1,45,0,7,19.56,1,0,0,0,1,0,0,1
1,55,0,36,32.55,1,0,0,0,1,0,0,1
1,55,0,16,52.96,1,0,0,0,1,0,0,1
1,72,0,60,19.56,1,0,0,0,1,1,1,4
1,44,1,12,12.68,1,0,0,0,1,0,0,4
1,60,0,7,12.68,1,0,0,0,1,0,0,1
1,61,0,8,16.98,1,0,0,0,1,0,0,1
1,58,1,60,16.29,1,0,0,0,1,0,0,1
1,58,1,72,18,2,0,0,0,1,1,1,2
1,58,1,36,27.03,1,0,0,0,1,0,0,1
1,47,0,72,15,2,0,0,0,1,0,0,1
1,57,1,36,25.76,1,0,0,0,1,0,0,1
1,68,1,36,12.68,1,0,0,0,1,1,1,1
1,31,0,15,12.68,1,0,0,0,1,0,0,1
1,63,0,27,16.98,1,0,0,0,1,0,0,1
1,63,0,24,16.98,1,0,0,0,1,0,0,1
1,37,0,6,12.68,1,0,0,0,1,0,0,1
1,37,0,6,12.68,1,0,0,0,1,0,0,1
1,37,0,12,12.68,1,0,0,0,1,0,0,1
1,51,0,18,12.68,1,0,0,0,1,1,1,1
1,50,1,12,12.68,1,0,0,0,1,0,0,1
1,65,1,36,28.77,1,0,0,0,0,0,0,1
1,46,0,48,19.56,1,0,0,0,1,0,0,1
1,46,0,24,19.56,1,0,0,0,1,0,0,4
1,49,1,36,28.77,2,0,0,0,1,0,0,1
1,40,0,12,12.68,1,0,0,0,1,0,0,1
1,70,0,71,23.07,1,0,0,0,1,0,0,1
1,36,0,48,21.65,2,0,0,0,1,0,0,1
1,47,0,36,16.98,2,0,0,0,1,0,0,1
1,54,1,36,31.58,2,0,0,0,1,1,1,1
1,54,1,72,21.37,2,0,0,0,1,1,1,4
1,48,1,24,30.58,2,0,0,0,1,0,0,4
1,36,0,5,12.68,1,0,0,0,1,0,0,1
1,59,1,72,15,1,0,0,0,1,0,1,1
1,46,0,8,16.98,1,0,0,0,1,0,0,1
1,56,0,91,15,2,0,0,0,1,0,0,1
1,58,0,8,12.68,1,0,0,0,1,0,0,1
1,54,0,48,22.42,1,0,0,0,1,1,1,4
1,73,0,60,18.37,1,0,0,0,1,0,1,1
1,45,1,72,17,1,0,0,0,1,0,0,1
1,45,1,72,15,1,0,0,0,1,0,0,1
1,42,1,6,16.98,2,0,0,0,1,0,0,1
1,42,1,18,28.77,1,0,0,0,1,0,0,1
1,50,1,24,12.68,1,0,0,0,1,1,1,1
1,50,1,12,12.68,1,0,0,0,1,0,1,1
1,40,0,72,15,1,0,0,0,1,0,0,1
1,40,0,72,15,1,0,0,0,1,0,0,1
1,43,0,60,15,2,0,0,0,0,0,0,1
1,38,0,72,19.56,1,0,0,0,1,0,0,1
1,60,1,36,28.77,2,0,0,0,0,1,1,1
1,32,0,12,16.98,2,0,0,0,1,0,0,1
1,53,1,72,15,2,0,0,0,1,0,0,1
1,37,0,48,36.28,1,0,0,0,1,0,0,2
1,59,0,36,15,1,0,0,0,1,0,0,1
1,40,1,12,19.56,1,0,0,0,1,0,0,4
1,61,0,72,15,2,0,0,0,1,0,0,1
1,54,1,12,16.98,2,0,0,0,1,0,0,1
1,51,1,24,40.96,2,0,0,0,1,0,0,1
1,48,1,72,17,1,0,0,0,1,0,0,1
1,40,0,72,15,1,0,0,0,1,0,0,1
1,40,0,72,15,2,0,0,0,1,0,0,1
1,43,0,72,28.83,2,0,0,0,1,1,1,4
1,43,0,56,25.44,1,0,0,0,1,0,0,1
1,43,0,43,47.85,2,0,0,0,1,1,1,4
1,52,1,144,15,2,1,0,0,0,1,1,1
1,71,0,6,12.68,1,0,0,0,1,0,0,1
1,71,1,18,19.56,1,0,0,0,1,0,0,1
1,45,0,24,24.08,2,0,0,0,1,0,0,1
1,52,0,12,12.68,1,0,0,0,1,0,0,1
1,49,0,12,16.98,1,0,0,0,1,0,0,1
1,70,1,12,16.98,2,0,0,0,1,0,0,1
1,70,1,12,16.98,2,0,0,0,1,0,0,1
1,58,0,6,12.68,1,0,0,0,1,0,0,1
1,53,0,12,12.68,1,0,0,0,1,0,0,1
1,57,0,12,18.37,1,0,0,0,1,0,0,1
1,44,1,12,12.68,1,0,0,0,1,0,0,1
1,38,1,7,35.89,1,0,0,0,0,0,0,1
1,59,0,36,22.63,2,0,0,0,1,0,0,1
1,51,1,33,28.77,2,0,0,0,1,0,0,1
1,56,0,8,50.96,2,0,0,0,1,0,0,1
1,56,0,12,50.96,1,0,0,0,1,0,0,1
1,34,0,36,20.34,1,0,0,0,1,0,0,1
1,49,1,24,16.98,2,0,0,0,1,0,0,1
1,64,0,24,52.96,2,0,0,0,1,0,0,1
1,53,0,12,12.68,1,0,0,0,1,1,1,1
1,76,1,24,35.89,1,0,0,0,1,0,0,1
1,76,1,12,39.45,1,0,0,0,1,0,0,1
1,76,1,12,39.45,1,0,0,0,1,0,0,1
1,31,0,60,19.29,2,0,0,0,1,1,1,1
1,51,1,36,39.29,2,0,0,0,1,0,0,1
1,53,1,60,18.37,2,0,0,0,1,1,1,1
1,38,0,63,17,2,0,0,0,1,0,0,1
1,41,0,18,18.37,1,0,0,0,1,0,0,1
1,42,1,12,35.89,1,0,0,0,1,0,0,1
1,53,1,60,17,1,0,0,0,1,0,0,1
1,35,1,36,28.77,2,0,0,0,0,0,0,1
1,65,0,24,12.68,1,0,0,0,1,1,1,1
1,57,0,72,17,1,0,0,0,1,0,0,1
1,73,0,12,12.68,1,0,0,0,1,0,0,1
1,68,0,48,22.36,2,0,0,0,1,0,0,1
1,68,0,39,41.96,2,0,0,0,1,0,0,1
1,55,0,72,17,1,0,0,0,1,0,0,1
1,41,0,6,16.98,2,0,0,0,1,0,0,1
1,47,0,12,19.56,1,0,0,0,0,0,0,1
1,50,0,72,15,2,0,0,0,1,0,0,1
1,60,0,11,39.45,1,0,0,0,0,0,0,1
1,60,0,18,32.33,2,0,0,0,1,0,0,1
1,59,0,24,35.28,1,0,0,0,1,0,0,1
1,32,1,17,16.98,2,0,0,0,1,0,0,1
1,55,0,8,12.68,1,0,0,0,1,0,0,1
1,51,1,60,25.76,1,0,0,0,1,0,0,1
1,37,1,18,47.85,2,0,0,0,1,0,0,1
1,37,1,18,40.96,2,0,0,0,1,0,0,1
1,38,1,53,13.16,1,0,0,0,1,0,0,1
1,42,0,24,28.77,2,0,0,0,0,0,0,1
1,56,0,18,12.68,1,0,0,0,1,0,0,1
1,50,0,48,25.76,1,0,0,0,1,0,0,1
1,75,1,14,27.68,1,0,0,0,1,0,0,1
1,45,0,11,30.71,1,0,0,0,1,0,0,1
1,31,0,12,12.68,1,0,0,0,1,0,0,4
1,52,1,60,24.41,1,0,0,0,1,0,0,1
1,29,0,12,12.68,1,0,0,0,1,0,0,1
1,67,0,9,16.98,2,0,0,0,1,0,0,1
1,50,0,24,16.98,2,0,0,0,1,0,0,1
1,61,1,18,12.68,1,0,0,0,1,0,0,1
1,33,0,72,15,2,0,0,0,1,0,0,1
1,40,1,36,32.33,2,0,0,0,1,0,0,4
1,47,0,6,12.68,1,0,0,0,1,0,0,1
1,30,0,6,16.98,2,0,0,0,1,0,0,1
1,70,1,14,12.68,1,0,0,0,1,0,1,2
1,75,0,8,12.68,1,0,0,0,1,0,0,1
1,63,0,12,16.98,1,0,0,0,1,0,0,1
1,30,0,24,19.56,1,0,0,0,1,1,1,1
1,50,0,7,12.68,1,0,0,0,1,0,0,4
1,65,0,60,14,2,0,0,0,1,1,1,1
1,24,1,6,44.85,2,0,0,0,0,0,0,1
1,67,0,6,12.68,1,0,0,0,1,0,0,1
1,53,0,24,26.83,2,0,0,0,1,0,0,3
1,53,0,59,41.96,2,0,0,0,1,0,0,3
1,54,1,29,17,1,0,0,0,1,0,0,1
1,31,0,5,16.98,1,0,0,0,1,0,0,1
1,31,0,8,16.98,2,0,0,0,1,0,0,1
1,29,0,4,39.45,2,0,0,0,1,0,0,1
1,37,0,6,12.68,1,0,0,0,1,0,0,1
1,75,0,7,12.68,1,0,0,0,1,0,0,1
1,68,0,12,12.68,1,0,0,0,1,0,0,1
1,46,1,72,17,1,0,0,0,1,0,0,1
1,52,0,72,17,1,0,0,0,0,0,0,1
1,34,1,60,22.36,1,0,0,0,1,1,1,1
1,41,0,5,12.68,1,0,0,0,1,0,0,1
1,39,0,4,12.68,1,0,0,0,1,0,0,1
1,59,0,30,28.77,2,0,0,0,1,0,0,1
1,71,0,60,28.77,2,0,0,0,1,0,0,1
1,53,0,72,17,1,0,0,0,1,0,0,1
1,55,0,12,12.68,1,0,0,0,1,0,0,1
1,53,0,72,39.29,2,0,0,0,1,0,0,1
1,67,0,14,12.68,1,0,0,0,1,0,0,4
1,46,0,24,28.77,2,0,0,0,1,0,0,1
1,47,0,48,28.77,2,0,0,0,1,0,0,1
1,41,0,72,15,1,0,0,0,1,0,0,1
1,55,1,96,14.93,2,0,0,0,1,1,1,1
1,55,1,72,16.7,1,0,0,0,1,0,0,1
1,61,1,60,18,1,0,0,0,1,0,0,1
1,70,0,18,12.68,1,0,0,0,1,1,1,1
1,57,0,12,12.68,1,0,0,0,0,0,0,1
1,54,0,72,13.5,2,0,0,0,1,0,0,1
1,54,0,72,16.7,1,0,0,0,1,1,1,4
1,54,0,72,15,1,0,0,0,1,0,0,1
1,56,0,15,19.56,1,0,0,0,1,0,0,1
1,56,0,15,19.56,1,0,0,0,1,0,0,1
1,44,0,12,16.98,2,0,0,0,1,0,0,1
1,47,0,6,12.68,1,0,0,0,1,1,1,1
1,46,0,12,12.68,1,0,0,0,1,1,1,4
1,51,0,12,50.96,1,0,0,0,1,0,0,1
1,51,0,12,50.96,1,0,0,0,1,0,0,1
1,65,0,69,18.37,2,0,0,0,1,0,0,1
1,66,0,12,12.68,1,0,0,0,1,0,0,1
1,29,0,8,35.89,1,0,0,0,1,0,0,1
1,29,0,12,35.89,1,0,0,0,0,0,0,1
1,66,0,7,12.68,1,0,0,0,0,0,0,1
1,30,0,7,12.68,1,0,0,0,0,0,0,1
1,32,0,18,19.56,1,0,0,0,1,0,0,1
1,51,0,12,12.68,1,0,0,0,1,0,0,1
1,50,0,6,12.68,1,0,0,0,1,0,0,1
1,62,1,12,12.68,1,0,0,0,1,0,0,1
1,39,0,18,39.45,1,0,0,0,1,0,0,4
1,78,1,15,12.68,1,0,0,0,1,0,0,1
1,56,1,18,12.68,1,0,0,0,1,0,0,1
1,39,0,60,15,1,0,0,0,1,0,0,1
1,39,0,60,15,2,0,0,0,1,1,1,1
1,38,0,24,35.89,1,0,0,0,1,0,0,1
1,45,1,48,23,2,0,0,0,1,1,1,1
1,45,1,84,15,2,0,0,0,1,1,1,1
1,42,1,72,15,1,0,0,0,1,0,0,1
1,47,0,60,19.29,1,0,0,0,1,1,1,1
1,58,0,72,15,1,0,0,0,1,0,0,1
1,58,0,72,15,1,0,0,0,1,0,0,1
1,54,1,12,16.98,1,0,0,0,1,0,0,1
1,52,0,60,23.07,1,0,0,0,0,0,0,1
1,35,1,72,17,1,0,0,0,0,0,0,1
1,44,0,12,12.68,1,0,0,0,1,0,0,1
1,40,0,24,35.89,2,0,0,0,0,0,0,1
1,34,1,48,25.21,2,0,0,0,1,0,0,1
1,75,1,36,16.98,2,0,0,0,1,0,0,4
1,62,1,48,23.07,1,0,0,0,0,0,0,1
1,60,0,72,15,1,0,0,0,1,0,0,1
1,37,0,11,25.76,1,0,0,0,1,0,0,1
1,37,0,11,25.76,1,0,0,0,1,0,0,1
1,70,0,12,12.68,1,0,0,0,1,0,0,1
1,48,0,12,35.89,1,0,0,0,1,0,0,1
1,56,0,72,15,1,0,0,0,1,0,0,1
1,43,0,89,19.95,1,0,0,0,1,0,0,1
1,57,0,48,28.51,1,0,0,0,1,0,0,1
1,36,0,72,15,1,0,0,0,1,0,0,1
1,51,0,12,12.68,1,0,0,0,1,1,1,1
1,53,0,12,16.98,2,0,0,0,1,0,0,1
1,72,0,12,12.68,1,0,0,0,1,0,0,1
1,57,0,60,15,2,0,0,0,1,0,0,1
1,74,1,14,12.68,1,0,0,0,1,1,1,1
1,49,1,18,19.56,1,0,0,0,1,1,1,1
1,43,0,72,17,1,0,0,0,1,0,0,1
1,40,0,72,15,1,0,0,0,1,0,0,1
1,51,1,72,15,1,0,0,0,1,0,0,1
1,61,1,12,12.68,1,0,0,0,1,0,0,1
1,45,0,12,16.98,1,0,0,0,1,0,0,1
1,45,0,12,16.98,2,0,0,0,1,0,0,1
1,40,0,17,12.68,1,0,0,0,1,0,0,1
1,70,1,36,47.85,1,0,0,0,1,0,0,1
1,36,1,24,12.68,1,0,0,0,1,1,1,1
1,36,0,24,39.46,1,0,0,0,1,0,0,1
1,41,0,72,15,1,0,0,0,1,0,0,1
1,51,0,72,17,1,0,0,0,1,0,0,1
1,67,1,24,16.98,2,0,0,0,1,0,0,4
1,37,1,72,17,1,0,0,0,1,0,0,3
1,71,1,72,16,1,0,0,0,1,0,0,1
1,40,0,24,32.33,1,0,0,0,0,0,0,4
1,53,0,12,12.68,1,0,0,0,0,0,0,1
1,56,0,15,12.68,1,0,0,0,1,0,0,1
1,33,0,18,16.98,1,0,0,0,1,0,0,1
1,48,1,72,15,1,0,0,0,1,0,0,1
1,56,0,48,32.55,2,0,0,0,1,0,0,1
1,43,0,36,16.98,2,0,0,0,1,0,0,1
1,43,0,36,16.98,1,0,0,0,1,0,0,1
1,64,1,24,16.98,2,0,0,0,1,0,0,1
1,40,1,12,30.71,1,0,0,0,0,0,0,1
1,75,0,12,12.68,1,0,0,0,1,0,0,1
1,45,1,45,23,2,0,0,0,1,0,0,1
1,51,0,72,17,1,0,0,0,1,0,0,1
1,38,0,15,19.56,1,0,0,0,1,0,0,1
1,51,1,18,19.56,1,0,0,0,1,0,0,1
1,45,1,12,12.68,1,0,0,0,1,0,0,1
1,31,0,18,19.56,1,0,0,0,1,0,0,1
1,34,0,48,21.65,2,0,0,0,1,0,0,1
1,42,1,26,25.21,2,0,0,0,1,0,0,1
1,72,1,15,12.68,1,0,0,0,1,0,1,1
1,44,0,5,12.68,1,0,0,0,1,0,0,1
1,44,0,12,18.37,2,0,0,0,1,0,0,1
1,72,1,10,16.98,2,0,0,0,1,0,0,1
1,74,0,12,12.68,1,0,0,0,1,1,1,1
1,61,0,18,35.28,1,0,0,0,1,0,0,1
1,68,0,24,39.45,1,0,0,0,1,0,0,1
1,72,0,16,12.68,1,0,0,0,1,0,0,1
1,62,0,36,16.98,1,0,0,0,1,0,0,1
1,45,0,12,39.45,2,0,0,0,1,0,0,1
1,52,1,24,39.46,2,0,0,0,1,0,0,1
1,48,1,72,15,2,0,0,0,1,0,0,1
1,60,1,30,17,1,0,0,0,1,0,0,1
1,58,1,96,13.16,1,0,0,0,1,1,1,1
1,79,1,12,16.98,1,0,0,0,1,0,0,1
1,66,0,12,16.98,2,0,0,0,1,0,0,1
1,41,0,12,12.68,1,0,0,0,1,0,0,1
1,41,0,12,12.68,1,0,0,0,1,0,0,1
1,48,1,72,11.99,2,1,0,0,1,1,0,1
1,66,0,15,16.98,1,0,0,0,1,0,0,1
1,66,0,15,16.98,2,0,0,0,1,0,0,1
1,53,1,72,15,2,0,0,0,1,0,0,1
1,57,0,120,14,2,0,0,0,0,1,1,1
1,40,1,24,28.77,1,0,0,0,1,0,0,1
1,68,0,6,12.68,1,0,0,0,1,0,0,1
1,34,0,12,50.96,1,0,0,0,0,0,0,1
1,45,0,12,35.89,2,0,0,0,1,0,0,1
1,48,1,72,15,2,0,0,0,1,0,0,1
1,43,1,48,28.83,1,0,0,0,1,0,0,1
1,53,0,60,28.51,1,0,0,0,1,0,0,1
1,41,0,6,12.68,1,0,0,0,0,0,0,1
1,41,1,11,27.68,1,0,0,0,1,0,0,1
1,67,0,12,16.98,2,0,0,0,1,0,0,1
1,67,0,18,16.98,1,0,0,0,1,0,0,1
1,55,0,48,17,1,0,0,0,1,0,0,1
1,35,0,12,19.56,1,0,0,0,1,0,0,1
2,0,1,58,27.03,2,0,0,0,1,1,1,1
2,0,1,72,14.03,2,0,0,0,1,0,1,1
1,48,0,47,15,1,0,0,0,0,0,0,1
1,70,1,10,12.68,1,0,0,0,1,0,0,1
1,53,0,67,17,1,0,0,0,1,0,0,4
1,59,0,36,19.56,1,0,0,0,1,0,0,1
1,63,1,6,12.68,1,0,0,0,1,0,0,1
1,37,0,12,16.98,2,0,0,0,1,0,0,1
1,36,0,72,16.7,2,0,0,0,1,0,0,1
1,30,0,8,16.98,1,0,0,0,1,0,0,1
1,53,0,15,19.56,1,0,0,0,1,0,0,1
1,68,1,12,16.98,2,0,0,0,1,0,0,1
1,68,1,12,16.98,1,0,0,0,1,0,0,1
1,60,1,12,12.68,1,0,0,0,1,0,0,1
1,51,0,72,13.8,1,0,0,0,1,0,0,1
1,62,0,9,50.96,2,0,0,0,1,0,0,1
2,0,1,72,41.75,2,0,0,0,1,0,0,3
1,40,0,8,30.71,1,0,0,0,1,0,0,1
1,59,0,13,12.68,1,0,0,0,1,0,0,1
1,38,1,18,40.96,1,0,0,0,0,0,0,3
1,51,1,24,25.76,1,0,0,0,0,0,0,1
1,51,1,36,17,1,0,0,0,1,0,0,1
1,40,0,72,15,1,0,0,0,1,0,0,1
1,75,0,18,12.68,1,0,0,0,1,1,1,4
1,38,0,18,16.98,2,0,0,0,1,0,0,1
1,44,0,12,12.68,1,0,0,0,1,0,0,1
1,65,0,12,12.68,1,0,0,0,1,0,0,1
1,58,0,12,12.68,1,0,0,0,1,0,0,1
1,42,1,18,46.85,1,0,0,0,1,0,0,1
1,57,0,72,15,1,0,0,0,1,0,0,1
1,41,0,60,19.29,2,0,0,0,1,1,1,4
1,58,1,8,12.68,1,0,0,0,1,0,0,1
1,58,1,8,12.68,1,0,0,0,1,0,0,1
1,47,0,15,12.68,1,0,0,0,1,0,0,1
1,47,0,8,12.68,1,0,0,0,1,0,0,1
1,58,0,72,17,1,0,0,0,1,0,0,1
1,59,0,12,12.68,1,0,0,0,1,0,0,2
1,58,1,48,25.21,2,0,0,0,1,0,0,1
1,39,0,12,12.68,1,0,0,0,1,0,0,1
1,73,1,10,12.68,1,0,0,0,1,0,0,1
1,56,0,12,12.68,1,0,0,0,1,0,0,1
1,40,0,5,50.96,1,0,0,0,1,0,0,1
1,33,0,12,39.45,1,0,0,0,0,0,0,1
1,33,0,20,35.89,2,0,0,0,1,0,0,1
1,63,1,12,19.56,1,0,0,0,1,0,0,1
1,32,0,5,12.68,1,0,0,0,1,0,0,1
1,26,0,18,32.33,1,0,0,0,1,0,1,1
1,33,1,12,12.68,1,0,0,0,1,0,0,4
1,67,1,72,23.07,1,0,0,0,1,0,0,1
1,62,1,50,15,1,0,0,0,1,0,0,1
1,37,0,12,12.68,1,0,0,0,1,0,0,1
1,37,0,12,12.68,1,0,0,0,1,0,0,1
1,36,0,72,11.99,2,1,0,0,1,0,0,1
1,54,1,48,28.77,2,0,0,0,1,0,0,1
1,59,0,12,50.96,2,0,0,0,1,0,0,4
1,40,0,72,13.82,2,0,0,0,1,0,0,1
1,63,1,36,32.33,1,0,0,0,1,0,0,1
1,49,0,24,24.08,1,0,0,0,1,0,0,1
1,40,1,48,25.21,2,0,0,0,1,0,0,3
1,35,0,20,12.68,1,0,0,0,1,0,0,4
1,51,0,72,15,1,0,0,0,1,0,0,1
1,41,0,24,12.68,1,0,0,0,1,0,0,1
1,57,1,8,12.68,1,0,0,0,1,0,0,1
1,32,1,12,19.56,1,0,0,0,1,0,0,1
1,32,0,10,12.68,1,0,0,0,1,0,0,1
1,63,0,17,12.68,1,0,0,0,1,1,1,1
1,70,0,10,12.68,1,0,0,0,1,0,0,1
1,53,1,6,34.49,1,0,0,0,1,1,1,1
1,46,0,60,17,1,0,0,0,1,0,0,1
1,37,0,4,12.68,1,0,0,0,0,0,0,1
1,74,1,13,12.68,1,0,0,0,1,1,1,1
1,53,0,12,12.68,1,0,0,0,1,0,0,1
1,54,1,12,12.68,1,0,0,0,1,0,0,1
1,45,0,12,39.45,1,0,0,0,0,0,0,4
1,52,0,60,20.86,1,0,0,0,1,1,1,1
1,68,1,24,30.71,1,0,0,0,1,0,0,1
1,53,0,72,15,2,0,0,0,1,0,0,1
1,68,1,72,23.07,1,0,0,0,1,0,0,1
1,36,1,24,28.77,2,0,0,0,1,0,0,1
1,42,0,72,15,1,0,0,0,0,0,0,1
1,72,0,10,12.68,1,0,0,0,1,1,1,2
1,39,1,48,24.08,1,0,0,0,0,0,0,1
1,64,1,36,16.98,2,0,0,0,1,0,0,1
1,71,0,18,19.56,1,0,0,0,1,0,0,4
1,57,0,60,17,1,0,0,0,1,0,0,1
1,73,1,19,16.98,2,0,0,0,1,0,0,1
1,68,0,19,12.68,1,0,0,0,1,0,0,1
1,66,1,24,12.68,1,0,0,0,1,1,1,1
1,54,1,96,13.16,1,0,0,0,1,1,1,1
1,61,1,6,12.68,1,0,0,0,1,0,0,1
1,30,0,5,0,1,0,0,0,1,0,0,3
1,44,0,48,19.56,1,0,0,0,1,1,1,4
1,45,0,12,12.68,1,0,0,0,1,0,0,1
1,45,0,24,19.56,1,0,0,0,1,0,0,1
1,61,1,12,16.98,2,0,0,0,1,0,0,1
1,28,0,15,12.68,1,0,0,0,1,0,0,1
1,48,0,12,50.96,2,0,0,0,1,0,0,1
1,50,0,72,15,1,0,0,0,1,0,0,4
1,41,0,18,19.56,1,0,0,0,1,0,0,1
1,41,0,18,19.56,1,0,0,0,1,0,0,1
1,62,0,24,39.46,1,0,0,0,1,0,0,1
1,62,1,20,27.68,1,0,0,0,1,0,0,1
1,36,0,72,13.16,2,0,0,0,0,0,0,1
1,69,0,30,19.56,1,0,0,0,1,1,1,1
1,71,0,18,12.68,1,0,0,0,0,0,1,1
1,57,1,30,27.93,2,0,0,0,1,0,0,1
1,56,1,12,12.68,1,0,0,0,1,0,1,1
1,56,1,14,12.68,1,0,0,0,1,1,1,1
1,72,1,15,12.68,1,0,0,0,1,0,0,1
1,48,0,13,12.68,1,0,0,0,1,0,0,2
1,58,0,18,12.68,1,0,0,0,1,1,1,1
1,48,0,24,19.56,1,0,0,0,1,1,1,1
1,55,0,24,39.46,2,0,0,0,1,0,0,1
1,46,1,30,27.01,2,0,0,0,1,0,0,1
1,40,0,2,12.68,1,0,0,0,1,0,0,1
1,38,1,12,12.68,1,0,0,0,1,0,0,1
1,38,1,24,16.98,1,0,0,0,1,0,0,1
1,44,0,10,19.56,1,0,0,0,1,0,0,1
1,44,0,4,19.56,1,0,0,0,1,0,0,1
1,44,0,6,19.56,1,0,0,0,1,0,0,1
1,54,0,72,17,1,0,0,0,1,0,0,1
1,50,0,7,16.98,2,0,0,0,1,0,0,1
1,63,0,24,50.96,1,0,0,0,1,0,0,1
1,29,0,12,19.56,1,0,0,0,1,0,0,1
1,73,1,14,12.68,1,0,0,0,1,0,0,1
1,61,0,24,19.56,1,0,0,0,0,0,0,1
1,62,0,15,12.68,1,0,0,0,1,0,0,1
1,65,0,36,28.83,2,0,0,0,0,0,0,4
1,71,0,12,12.68,1,0,0,0,1,0,0,1
1,55,0,72,17,1,0,0,0,1,0,0,1
1,61,0,60,15.29,1,0,0,0,1,1,1,1
1,61,0,36,27.03,1,0,0,0,1,0,0,1
1,42,1,72,17,2,0,0,0,1,0,0,1
1,42,1,72,15,2,0,0,0,1,0,0,1
1,33,0,12,16.98,1,0,0,0,1,0,0,1
1,48,0,18,30.71,1,0,0,0,1,0,0,1
1,33,0,5,12.68,1,0,0,0,1,0,0,1
1,45,0,72,17,1,0,0,0,1,0,0,1
1,69,1,24,16.98,1,0,0,0,1,0,0,1
1,48,1,72,16.92,2,0,0,0,1,1,1,1
1,73,1,24,19.56,1,0,0,0,1,1,1,1
1,73,1,12,12.68,1,0,0,0,1,0,0,1
1,50,1,6,12.68,1,0,0,0,1,0,0,1
1,39,0,72,15,1,0,0,0,1,0,0,1
1,33,0,72,17,1,0,0,0,0,0,0,1
1,50,0,12,16.98,2,0,0,0,1,0,0,1
1,46,0,48,28.83,1,0,0,0,1,0,0,4
1,39,0,8,12.68,1,0,0,0,1,0,0,1
1,39,0,7,12.68,1,0,0,0,1,0,0,1
1,44,1,34,60.31,2,0,0,0,1,0,0,1
1,44,1,24,30.58,2,0,0,0,1,0,0,1
1,44,1,14,18.37,2,0,0,0,1,0,0,1
1,38,1,36,19.56,1,0,0,0,1,0,0,1
1,67,1,12,19.56,1,0,0,0,1,0,1,1
1,67,1,60,19.56,1,0,0,0,1,0,1,1
1,47,0,24,19.56,1,0,0,0,1,0,0,1
1,38,0,36,32.33,2,0,0,0,1,0,0,4
1,38,0,42,17,1,0,0,0,1,0,0,1
1,38,0,24,17,1,0,0,0,1,0,0,1
1,43,0,62,15,1,0,0,0,1,0,0,1
1,43,0,60,15,1,0,0,0,1,0,0,1
1,51,1,5,12.68,1,0,0,0,1,0,0,1
1,51,1,3,12.68,1,0,0,0,1,0,0,1
1,60,0,8,16.98,2,0,0,0,1,0,0,1
1,49,0,48,28.83,2,0,0,0,1,0,0,1
1,49,0,24,27.93,2,0,0,0,1,0,0,1
1,38,0,72,15,1,0,0,0,1,0,0,1
1,67,1,14,18.37,2,0,0,0,1,1,1,1
1,67,1,12,16.98,2,0,0,0,1,0,0,1
2,0,1,48,39.29,1,0,0,0,1,0,0,2
1,32,0,24,19.56,1,0,0,0,1,0,0,1
1,34,0,72,17,1,0,0,0,1,0,0,1
1,57,1,72,15,1,0,0,0,1,0,0,1
1,74,0,12,16.98,2,0,0,0,1,0,0,1
1,52,0,36,32.33,2,0,0,0,1,0,0,1
1,48,1,12,12.68,1,0,0,0,1,0,0,1
1,49,1,72,14,1,0,0,0,1,0,0,1
1,50,1,15,39.45,2,0,0,0,1,0,0,1
1,76,1,12,16.98,2,0,0,0,1,0,0,1
1,53,1,72,15,1,0,0,0,1,0,0,1
1,45,0,24,35.89,1,0,0,0,1,0,0,1
1,45,0,12,19.56,1,0,0,0,0,0,0,1
1,42,0,12,16.98,2,0,0,0,1,0,0,1
1,66,1,58,17,1,0,0,0,1,0,0,1
1,60,0,7,12.68,1,0,0,0,1,0,0,1
1,46,1,18,35.89,2,0,0,0,0,0,0,1
1,52,1,10,12.68,1,0,0,0,1,1,1,1
1,50,0,6,12.68,1,0,0,0,1,0,0,1
1,55,0,63,19.95,1,0,0,0,1,0,0,1
1,63,0,6,12.68,1,0,0,0,1,0,0,1
1,56,1,36,47.85,2,0,0,0,1,0,0,1
1,56,1,60,23.94,1,0,0,0,1,1,1,1
1,57,1,6,12.68,1,0,0,0,1,0,1,1
1,57,1,6,12.68,1,0,0,0,1,0,1,1
1,41,0,12,12.68,1,0,0,0,1,0,0,4
1,44,0,48,24.08,1,0,0,0,1,0,0,4
1,53,0,36,16.98,2,0,0,0,1,0,0,1
1,57,0,73,15,2,0,0,0,1,0,0,1
1,53,1,72,19.5,2,0,0,0,1,1,1,1
1,38,1,72,15,1,0,0,0,1,0,0,1
1,53,0,24,16.98,2,0,0,0,1,0,0,1
1,44,0,12,12.68,1,0,0,0,1,0,0,4
1,56,1,72,15.5,1,0,0,0,1,0,0,1
1,43,1,12,12.68,1,0,0,0,1,0,0,4
1,49,0,24,27.01,1,0,0,0,1,0,0,1
1,73,0,24,12.68,1,0,0,0,1,0,1,1
1,73,0,24,12.68,1,0,0,0,1,0,1,1
1,57,0,84,15,2,0,0,0,1,1,1,1
1,54,0,15,32.33,2,0,0,0,1,0,0,1
1,66,1,12,12.68,1,0,0,0,1,0,0,1
1,41,0,10,12.68,1,0,0,0,1,0,0,1
1,46,1,72,15,1,0,0,0,1,0,0,1
1,65,1,12,16.98,1,0,0,0,1,0,0,1
1,39,1,84,13.16,1,0,0,0,1,1,1,1
1,75,1,18,19.56,1,0,0,0,1,0,0,1
1,75,1,13,19.56,1,0,0,0,1,0,0,1
1,75,1,24,27.68,1,0,0,0,1,0,0,1
1,57,0,24,34.78,1,0,0,0,1,0,0,1
1,40,1,18,35.89,2,0,0,0,1,0,0,1
1,40,1,12,35.89,1,0,0,0,1,0,0,1
1,42,0,24,19.56,1,0,0,0,1,0,0,1
1,59,0,60,30.58,1,0,0,0,1,0,0,1
1,31,0,18,39.46,2,0,0,0,1,0,0,1
1,30,1,12,39.45,1,0,0,0,0,0,0,1
1,74,0,6,12.68,1,0,0,0,1,0,0,1
1,53,0,18,16.98,1,0,0,0,1,0,0,1
1,53,0,10,16.98,2,0,0,0,1,0,0,1
1,35,1,12,19.56,1,0,0,0,1,0,0,1
1,30,1,12,12.68,1,0,0,0,1,0,1,1
1,37,0,12,12.68,1,0,0,0,1,0,0,1
1,37,0,72,19.56,1,0,0,0,1,1,1,1
1,74,0,15,12.68,1,0,0,0,1,0,0,1
1,54,0,12,12.68,1,0,0,0,1,0,1,1
1,38,0,6,12.68,1,0,0,0,1,0,0,2
1,58,1,60,11.99,2,1,0,0,1,1,0,1
1,58,1,1,26.82,1,0,0,0,1,0,0,1
1,36,0,12,35.89,1,0,0,0,0,0,0,1
1,40,0,12,12.68,1,0,0,0,1,0,0,1
1,54,0,8,16.98,1,0,0,0,1,0,0,1
1,54,0,10,16.98,2,0,0,0,1,0,0,1
1,31,1,48,11.99,2,1,0,0,1,0,0,1
1,31,1,60,19.29,2,0,0,0,1,0,1,1
1,31,1,36,26.82,2,0,0,0,1,1,1,1
1,33,0,18,34.78,1,0,0,0,0,0,0,1
1,24,0,6,12.68,1,0,0,0,1,0,0,1
1,30,0,12,35.89,1,0,0,0,1,0,0,1
1,56,0,36,31.58,1,0,0,0,1,0,0,1
1,51,0,18,12.68,1,0,0,0,1,0,0,1
1,65,0,18,19.56,1,0,0,0,1,0,0,1
1,38,0,72,17,1,0,0,0,1,0,0,1
1,38,0,72,17,1,0,0,0,1,0,0,1
1,49,1,72,15,2,0,0,0,1,0,0,1
1,44,1,23,24.08,1,0,0,0,1,0,0,1
1,44,1,35,27.93,1,0,0,0,1,0,0,1
1,30,1,12,50.96,1,0,0,0,0,0,0,1
1,46,1,36,17,1,0,0,0,1,0,0,1
1,55,1,10,12.68,1,0,0,0,1,0,0,1
1,55,1,24,16.98,2,0,0,0,1,0,0,1
1,62,0,12,50.96,1,0,0,0,1,0,0,1
1,50,1,6,12.68,1,0,0,0,1,0,0,1
1,40,0,12,39.46,1,0,0,0,1,0,0,1
1,56,0,10,12.68,1,0,0,0,1,0,0,1
1,53,0,72,16.5,1,0,0,0,1,0,0,1
1,45,0,18,12.68,1,0,0,0,1,0,0,1
1,57,0,10,12.68,1,0,0,0,1,0,0,1
1,59,0,18,19.56,1,0,0,0,1,0,0,2
1,56,0,10,12.68,1,0,0,0,1,0,0,1
1,61,1,48,12.68,1,0,0,0,1,0,1,1
1,61,1,12,19.56,1,0,0,0,1,0,1,1
1,72,1,12,12.68,1,0,0,0,1,0,0,1
1,37,1,15,19.56,1,0,0,0,1,0,0,1
1,42,1,72,11.99,2,1,0,0,1,1,0,1
1,42,1,96,16.7,1,0,0,0,1,1,1,1
1,39,1,12,50.96,2,0,0,0,1,0,0,3
1,40,1,11,30.71,1,0,0,0,1,0,0,1
1,67,1,84,13.16,2,0,0,0,1,0,0,1
1,54,0,72,24.41,1,0,0,0,1,0,0,1
1,70,0,14,12.68,1,0,0,0,1,0,0,1
1,53,1,72,15,1,0,0,0,1,0,0,1
1,53,1,24,28.77,2,0,0,0,1,0,0,1
1,34,1,60,11.99,2,1,0,0,1,0,0,1
1,40,0,24,35.89,2,0,0,0,0,0,0,1
1,70,0,8,12.68,1,0,0,0,0,0,0,1
1,62,1,16,12.68,1,0,0,0,1,0,0,1
1,54,0,24,39.46,1,0,0,0,1,0,0,1
1,41,0,30,20.34,2,0,0,0,1,0,0,1
1,62,1,48,28.77,2,0,0,0,1,0,0,1
1,63,0,6,12.68,1,0,0,0,1,0,0,1
1,59,1,60,22.36,2,0,0,0,1,1,1,1
1,52,1,24,12.68,1,0,0,0,1,1,1,1
1,52,1,21,12.68,1,0,0,0,1,0,1,1
1,51,0,72,15,2,0,0,0,1,0,0,1
1,37,0,140,12,2,1,0,0,1,1,1,1
1,37,0,12,50.96,2,0,0,0,1,0,0,1
1,31,1,48,25.21,2,0,0,0,0,0,0,1
1,44,0,84,13.16,2,0,0,0,1,1,1,1
1,60,1,72,15,2,0,0,0,1,0,0,1
1,43,0,36,36.28,1,0,0,0,1,0,0,1
1,62,0,48,24.08,2,0,0,0,1,0,0,1
1,62,0,60,20.34,1,0,0,0,1,0,0,1
1,37,0,10,12.68,1,0,0,0,1,0,0,1
1,44,0,12,12.68,1,0,0,0,0,1,1,1
1,69,1,24,12.68,1,0,0,0,1,0,1,1
1,66,1,64,17,1,0,0,0,1,0,0,1
1,32,0,4,12.68,1,0,0,0,1,0,0,1
1,71,0,24,28.77,2,0,0,1,1,0,0,1
1,36,1,36,28.77,1,0,0,0,1,0,0,1
1,50,1,24,19.56,1,0,0,0,1,0,0,1
1,47,1,24,26.01,2,0,0,0,1,0,0,1
1,51,0,72,15,1,0,0,0,1,0,0,1
1,55,0,72,17,1,0,0,0,1,0,0,1
1,48,0,12,12.68,1,0,0,0,1,0,0,1
1,59,1,10,12.68,1,0,0,0,1,0,0,1
1,50,0,12,12.68,1,0,0,0,1,0,0,1
1,41,1,72,15,1,0,0,0,1,0,0,1
1,58,0,13,19.56,1,0,0,0,1,0,0,1
1,60,1,24,16.98,2,0,0,0,1,0,0,1
1,60,1,12,50.96,1,0,0,0,1,0,0,4
1,32,0,12,35.89,1,0,0,0,1,0,0,1
1,37,0,12,16.98,1,0,0,0,1,0,0,1
1,44,1,11,12.68,1,0,0,0,1,0,0,1
1,30,0,48,19.56,1,0,0,0,1,0,0,1
1,47,1,12,19.56,1,0,0,0,1,1,1,1
1,47,1,12,19.56,1,0,0,0,0,0,1,1
1,42,1,84,16.49,2,0,0,0,1,0,0,4
1,43,0,12,12.68,1,0,0,0,1,0,0,1
1,43,0,12,12.68,1,0,0,0,1,0,0,1
1,40,0,121,12,2,0,0,0,0,1,1,1
1,60,0,72,15,1,0,0,0,1,0,0,1
1,61,1,24,39.46,1,0,0,0,1,0,0,1
1,44,0,60,28.83,1,0,0,0,1,0,0,1
1,28,0,15,12.68,1,0,0,0,1,1,1,2
1,50,0,48,28.83,2,0,0,0,1,0,0,1
1,50,0,36,31.58,2,0,0,0,1,0,0,1
1,63,0,7,12.68,1,0,0,0,1,0,1,1
1,63,0,7,12.68,1,0,0,0,1,0,1,1
1,59,0,72,17,2,0,0,0,0,0,0,1
1,52,0,36,16.98,2,0,0,0,1,0,0,1
1,40,0,72,17,1,0,0,0,1,0,0,1
1,45,0,10,52.96,1,0,0,0,0,0,0,1
1,52,1,96,13.16,2,1,0,0,1,1,1,1
1,40,0,84,16.7,1,0,0,0,0,0,0,1
1,40,0,84,13.16,1,0,0,0,1,1,1,1
1,58,0,72,15,1,0,0,0,1,0,0,1
1,44,0,5,31.58,2,0,0,0,1,0,0,1
1,44,0,72,13,2,0,0,0,1,0,0,1
1,36,0,72,14.5,1,0,0,0,1,0,0,1
1,56,0,28,16.98,2,0,0,0,1,0,0,1
1,67,0,12,12.68,1,0,0,0,1,0,0,4
1,51,0,18,12.68,1,0,0,0,1,0,0,1
1,63,0,12,12.68,1,0,0,0,1,0,0,1
1,42,0,72,15,1,0,0,0,1,0,0,1
1,42,0,72,15,2,0,0,0,1,0,0,1
1,51,0,9,16.98,2,0,0,0,1,0,0,1
1,62,1,10,12.68,1,0,0,0,1,0,0,1
1,55,1,24,30.58,2,0,0,0,1,0,0,1
1,57,1,72,15,1,0,0,0,1,0,0,1
1,67,0,12,12.68,1,0,0,0,1,0,0,1
1,31,0,3,12.68,1,0,0,0,1,0,0,1
1,48,0,15,12.68,1,0,0,0,1,0,0,4
1,49,0,6,12.68,1,0,0,0,1,0,0,1
1,60,1,24,25.21,2,0,0,0,1,0,0,1
1,58,0,96,15,2,0,0,0,1,0,0,1
1,45,0,6,12.68,1,0,0,0,1,0,1,1
1,45,0,6,12.68,1,0,0,0,1,0,1,1
1,62,1,10,12.68,1,0,0,0,1,0,0,1
1,53,1,18,12.68,1,0,0,0,1,0,0,1
1,50,0,12,12.68,1,0,0,0,1,0,0,1
1,31,0,60,28.77,2,0,0,0,1,1,1,2
1,45,0,18,28.77,1,0,0,0,1,0,0,1
1,63,0,8,12.68,1,0,0,0,1,1,1,1
1,49,0,24,35.89,1,0,0,0,1,0,0,1
1,53,0,84,13.16,2,0,0,0,1,1,1,1
1,52,0,48,20.34,2,0,0,0,1,0,0,1
1,52,0,48,24.08,1,0,0,0,1,0,0,1
1,62,0,98,16.8,2,0,0,0,1,0,0,1
1,67,0,72,19.5,2,0,0,0,1,1,1,3
1,27,0,36,16.98,2,0,0,0,1,0,0,1
1,57,0,6,12.68,1,0,0,0,1,0,0,1
1,50,1,18,30.55,1,0,0,0,1,0,0,1
1,29,0,18,19.56,1,0,0,0,0,0,0,1
1,62,1,18,28.77,2,0,0,0,1,0,0,1
1,61,0,100,19.95,1,0,0,0,1,0,0,2
1,36,0,18,52.96,1,0,0,0,1,0,0,1
1,68,0,12,12.68,1,0,0,0,1,0,0,1
1,28,0,4,12.68,1,0,0,1,1,0,0,1
1,28,0,6,12.68,1,0,0,1,1,0,0,1
1,53,0,72,15,1,0,0,0,1,0,0,1
1,54,1,24,16.98,2,0,0,0,1,0,0,1
1,46,1,72,15,1,0,0,0,1,0,0,1
1,57,1,72,17,1,0,0,0,1,0,0,1
1,38,0,24,32.33,2,0,0,0,1,0,0,1
1,42,0,48,32.55,2,0,0,0,1,0,0,1
1,62,0,36,16.98,2,0,0,0,1,0,0,1
1,60,1,12,15.6,2,0,0,0,1,0,0,1
1,50,1,16,12.68,1,0,0,0,1,0,0,1
1,58,1,72,17,1,0,0,0,1,0,0,1
1,52,1,46,36.28,2,0,0,0,1,1,1,1
1,52,1,84,15.92,2,0,0,0,1,1,1,1
1,63,1,42,17,1,0,0,0,1,0,0,1
1,46,0,12,12.68,1,0,0,0,1,0,0,4
1,41,0,12,50.96,1,0,0,0,1,0,0,1
1,36,0,10,12.68,1,0,0,0,1,0,0,1
1,65,0,6,12.68,1,0,0,0,1,0,0,1
1,44,0,12,16.98,2,0,0,0,1,0,0,1
1,53,0,14,16.98,2,0,0,0,1,0,0,1
1,38,0,12,12.68,1,0,0,0,1,0,0,1
1,54,0,56,41.96,2,0,0,0,1,0,0,3
1,54,0,30,23.94,2,0,0,0,1,0,0,3
1,63,0,48,16.98,2,0,0,0,1,0,0,1
1,37,1,60,17,1,0,0,0,0,0,0,1
1,43,0,6,12.68,1,0,0,0,1,0,0,1
1,62,0,12,16.98,2,0,0,0,1,0,0,1
1,31,0,6,12.68,1,0,0,0,1,0,0,1
1,33,0,12,12.68,1,0,0,0,1,0,0,1
1,53,0,72,15,1,0,0,0,1,0,0,1
1,53,0,72,15,1,0,0,0,1,0,0,1
1,59,1,72,17,1,0,0,0,1,0,0,1
1,59,1,72,17,1,0,0,0,1,0,0,1
1,55,1,72,15,1,0,0,0,1,0,0,1
1,45,0,9,12.68,1,0,0,0,1,0,0,1
1,74,1,12,12.68,1,0,0,0,1,0,0,1
1,31,0,12,12.68,1,0,0,0,1,0,0,1
1,51,1,84,17,2,0,0,0,0,0,0,1
1,59,0,72,15,1,0,0,0,1,0,0,1
1,60,1,18,52.96,1,0,0,0,0,0,0,1
1,60,1,12,12.68,1,0,0,0,1,0,0,1
1,65,0,12,12.68,1,0,0,0,1,1,1,1
1,69,0,18,12.68,1,0,0,0,1,0,0,1
1,47,1,72,15,1,0,0,0,1,0,0,1
1,48,0,4,16.98,1,0,0,0,1,0,0,1
1,42,0,12,12.68,1,0,0,0,1,0,0,1
1,49,1,6,12.68,1,0,0,0,1,0,0,1
1,43,0,24,32.33,1,0,0,0,1,0,0,1
1,70,1,12,16.98,2,0,0,0,1,0,0,1
1,53,1,3,12.68,1,0,0,0,1,0,0,1
1,56,0,24,24.08,1,0,0,0,1,0,0,1
1,52,0,7,50.96,1,0,0,0,0,0,0,1
1,33,0,25,25.21,1,0,0,0,1,0,0,1
1,67,1,8,12.68,1,0,0,0,1,0,0,1
1,29,1,84,13.16,1,0,0,0,0,1,1,1
1,55,1,60,28.83,2,0,0,0,1,0,0,1
1,47,1,12,12.68,1,0,0,0,1,0,0,1
1,47,0,48,30.55,1,0,0,0,1,0,0,1
1,29,1,12,12.68,1,0,0,0,1,0,0,1
1,34,0,72,16.7,1,0,0,0,0,0,0,1
1,34,0,84,13.16,1,0,0,0,1,1,1,1
1,53,1,84,14.24,1,0,0,0,1,1,1,1
1,53,1,1,36.28,2,0,0,0,1,0,0,1
1,53,1,36,18.37,1,0,0,0,1,0,0,1
1,44,0,24,12.68,1,0,0,0,1,1,1,1
1,49,0,12,12.68,1,0,0,0,1,0,0,1
1,38,0,15,12.68,1,0,0,0,1,0,0,1
1,32,0,11,12.68,1,0,0,0,1,0,0,1
1,60,0,9,12.68,1,0,0,0,1,0,0,2
1,67,1,12,39.45,2,0,0,0,1,0,0,4
1,53,0,12,45.35,2,0,0,0,1,0,0,1
1,69,1,72,17,1,0,0,0,1,0,0,1
1,58,1,6,39.45,1,0,0,0,1,0,0,1
1,44,1,60,25.76,1,0,0,0,1,0,0,1
1,47,1,6,12.68,1,0,0,0,1,0,0,4
1,56,0,72,17,1,0,0,0,1,0,0,1
1,46,1,24,24.08,1,0,0,0,0,0,0,1
1,45,0,6,12.68,1,0,0,0,1,0,0,1
1,56,1,72,15,1,0,0,0,1,0,0,3
1,41,1,18,16.98,2,0,0,0,1,0,0,1
1,33,0,18,28.77,2,0,0,0,1,0,0,1
1,39,0,9,12.68,1,0,0,0,1,0,0,1
1,47,1,12,19.56,1,0,0,0,1,0,0,1
1,54,0,72,15,1,0,0,0,1,0,0,1
1,57,0,24,16.98,1,0,0,0,1,0,0,1
1,52,0,6,12.68,1,0,0,0,1,1,1,1
1,31,0,6,12.68,1,0,0,0,1,0,0,1
1,46,0,60,17,2,0,0,0,1,0,0,1
1,56,0,18,50.96,1,0,0,0,1,0,0,1
1,41,0,24,35.89,1,0,0,0,1,0,0,1
1,39,0,8,21.63,1,0,0,0,1,1,1,1
1,55,1,72,15.5,1,0,0,0,1,0,0,1
1,58,1,48,28.77,2,0,0,0,1,0,0,1
1,73,1,6,12.68,1,0,0,0,1,0,0,1
1,49,0,66,24.41,1,0,0,0,1,0,0,1
1,73,1,6,12.68,1,0,0,0,1,0,0,1
1,42,0,72,15,1,0,0,0,1,0,0,1
1,48,0,10,19.56,1,0,0,0,1,0,0,1
1,55,0,4,34.78,1,0,0,0,1,0,0,1
1,35,0,36,32.55,1,0,0,0,1,0,0,1
1,35,0,12,50.96,1,0,0,0,1,0,0,1
1,62,1,2,12.68,1,0,0,0,1,0,0,1
1,37,1,18,12.68,1,0,0,0,1,0,0,1
1,55,1,48,25.76,1,0,0,0,1,0,0,1
1,53,0,72,15,1,0,0,0,1,0,0,1
1,72,0,6,12.68,1,0,0,0,1,0,0,1
1,48,0,36,24.08,2,0,0,0,1,0,0,1
1,35,0,28,17,1,0,0,0,1,0,0,1
1,35,0,36,17,1,0,0,0,0,0,0,1
1,52,0,18,19.56,1,0,0,0,1,0,0,1
1,64,0,6,12.68,1,0,0,0,1,0,0,1
1,40,0,4,12.68,1,0,0,0,1,0,0,1
1,35,0,12,12.68,1,0,0,0,1,0,0,1
1,70,1,42,17,1,0,0,0,1,0,0,1
1,55,1,3,12.68,1,0,0,0,1,0,0,1
1,63,0,8,12.68,1,0,0,0,1,0,0,1
1,38,1,75,19.95,1,0,0,0,1,0,0,1
1,39,0,3,12.68,1,0,0,0,1,0,0,1
1,21,1,14,12.68,1,0,0,0,1,0,0,1
1,41,1,6,12.68,1,0,0,0,0,0,0,1
1,66,0,10,12.68,1,0,0,0,1,0,0,1
1,66,0,8,12.68,1,0,0,0,1,0,0,1
1,66,0,8,12.68,1,0,0,0,1,0,0,1
1,60,0,42,27.68,1,0,0,0,1,0,0,1
1,28,1,12,35.89,1,0,0,0,1,0,0,1
1,28,1,4,39.45,1,0,0,0,1,0,0,1
1,28,1,4,39.45,1,0,0,0,1,0,0,1
1,40,1,10,12.68,1,0,0,0,1,0,0,1
1,38,0,72,15,1,0,0,0,1,0,0,1
1,28,1,48,28.77,2,0,0,0,0,0,0,4
1,35,1,36,32.33,1,0,0,0,0,0,0,1
1,45,0,30,28.77,1,0,0,0,0,0,0,1
1,51,0,4,12.68,1,0,0,0,1,0,0,1
1,67,1,12,20.34,2,0,0,0,1,0,0,1
1,54,0,48,24.41,2,0,0,0,1,0,0,1
1,19,0,12,12.68,1,0,0,0,0,0,0,1
1,21,0,9,12.68,1,0,0,0,1,0,0,1
1,39,0,72,15,1,0,0,0,1,0,0,1
1,53,0,2,16.98,1,0,0,0,1,0,0,1
1,53,0,2,16.98,1,0,0,0,1,0,0,1
1,30,0,8,12.68,1,0,0,0,1,0,0,2
1,46,0,24,27.68,1,0,0,0,1,0,0,1
1,34,1,60,17,1,0,0,0,1,0,0,1
1,56,0,36,12.68,1,0,0,0,1,0,0,1
1,53,1,12,19.56,1,0,0,0,1,0,0,1
1,59,0,10,16.98,2,0,0,0,1,0,0,1
1,65,0,8,12.68,1,0,0,0,1,0,0,1
1,44,1,72,15,1,0,0,0,1,0,0,1
1,23,1,10,12.68,1,0,0,0,1,1,1,1
1,23,1,10,12.68,1,0,0,0,1,0,1,1
1,51,0,3,12.68,1,0,0,0,1,0,0,1
1,51,0,2,12.68,1,0,0,0,1,0,0,1
1,45,1,36,28.77,2,0,0,0,1,0,0,1
1,54,1,5,12.68,1,0,0,0,1,0,0,1
1,34,1,16,12.68,1,0,0,0,1,1,1,4
1,62,0,12,16.98,2,0,0,0,1,0,0,1
1,55,0,13,39.45,1,0,0,0,0,0,0,1
1,32,1,12,12.68,1,0,0,0,1,0,0,1
1,35,0,8,12.68,1,0,0,0,1,0,0,4
1,25,1,6,12.68,1,0,0,0,1,0,0,1
1,47,0,8,12.68,1,0,0,0,1,0,0,2
1,67,0,6,12.68,1,0,0,0,1,0,0,1
1,67,0,6,12.68,1,0,0,0,1,0,0,1
1,70,0,8,19.56,1,0,0,0,1,0,0,1
1,34,0,24,32.33,2,0,0,0,1,0,0,1
1,42,1,12,12.68,1,0,0,0,1,0,0,1
1,67,0,18,12.68,1,0,0,0,1,0,0,1
1,55,0,24,28.77,2,0,0,0,1,0,0,1
1,51,0,9,12.68,1,0,0,0,1,0,0,1
1,60,1,5,12.68,1,0,0,0,1,0,0,1
1,29,0,9,12.68,1,0,0,0,1,0,0,4
1,22,1,18,39.46,1,0,0,0,0,0,0,1
1,46,1,10,12.68,1,0,0,0,0,0,0,1
1,51,1,42,16.79,2,0,0,0,1,1,1,1
1,51,1,12,14.5,1,0,0,0,1,0,1,1
1,65,1,12,12.68,1,0,0,0,1,0,0,1
1,68,1,16,12.68,1,0,0,0,1,0,0,1
1,49,0,36,19.56,1,0,0,0,0,1,1,1
1,49,1,48,30.81,2,0,0,0,1,0,0,3
1,33,0,70,15,2,0,0,0,0,1,1,1
1,34,0,36,15,1,0,0,0,1,0,0,1
1,63,0,60,19.95,2,0,0,0,0,0,0,3
1,28,0,12,12.68,1,0,0,0,1,0,0,1
1,67,1,10,12.68,1,0,0,0,1,0,0,1
1,66,0,36,36.28,2,0,0,0,1,0,0,1
1,61,0,72,16,1,0,0,0,1,0,0,1
1,63,1,6,12.68,1,0,0,0,1,0,0,4
1,51,0,12,12.68,1,0,0,0,1,1,1,1
1,54,1,30,30.55,2,0,0,0,0,0,0,1
1,35,0,12,12.68,1,0,0,0,1,0,0,1
1,35,0,24,25.21,2,0,0,0,1,0,0,1
1,60,0,72,23.07,1,0,0,0,1,0,0,1
1,32,0,18,35.89,2,0,0,0,0,0,0,1
1,52,0,72,15,1,0,0,0,1,0,0,1
1,63,0,84,15,2,0,0,0,1,1,1,1
1,39,0,11,25.76,1,0,0,0,1,0,0,1
1,39,0,3,12.68,1,0,0,0,1,0,0,1
1,62,1,84,15,2,0,0,0,1,0,0,1
1,36,0,18,16.98,1,0,0,0,1,0,0,1
1,68,0,4,12.68,1,0,0,0,1,0,0,1
1,46,0,60,24.41,1,0,0,0,1,0,0,1
1,37,0,8,16.98,1,0,0,0,1,0,0,1
1,39,0,12,50.96,1,0,0,0,1,0,0,1
1,33,0,12,12.68,1,0,0,0,1,0,1,1
1,48,1,48,28.51,1,0,0,0,1,0,0,1
1,40,1,72,15,1,0,0,0,1,0,0,1
1,53,0,6,12.68,1,0,0,0,1,0,0,1
1,60,0,12,12.68,1,0,0,0,1,0,0,1
1,38,0,11,12.68,1,0,0,0,0,0,0,1
1,71,0,12,12.68,1,0,0,0,1,0,0,1
1,60,0,10,12.68,1,0,0,0,1,0,0,1
1,52,1,24,19.56,1,0,0,0,1,1,1,1
1,39,0,12,19.56,1,0,0,0,1,0,0,1
1,39,0,3,19.56,1,0,0,0,1,0,0,1
1,54,0,6,12.68,1,0,0,0,1,0,0,1
1,56,0,36,20.34,1,0,0,0,1,0,0,1
1,62,1,12,16.98,1,0,0,0,1,0,0,1
1,50,1,48,28.77,2,0,0,0,1,0,0,1
1,63,0,4,12.68,1,0,0,0,0,0,0,1
1,49,0,24,19.56,1,0,0,0,1,0,0,1
1,43,1,4,12.68,1,0,0,0,1,0,0,1
1,51,0,36,25.21,2,0,0,0,1,0,0,1
1,60,0,30,16.98,2,0,0,0,1,0,0,1
1,63,1,60,15,1,0,0,0,1,0,0,1
1,33,1,12,16.98,2,0,0,0,1,0,0,1
1,42,1,10,12.68,1,0,0,0,1,0,0,1
1,63,0,12,12.68,1,0,0,0,1,0,0,1
1,63,0,12,12.68,1,0,0,0,1,0,0,1
1,65,1,10,12.68,1,0,0,0,1,1,1,1
1,68,0,12,12.68,1,0,0,0,1,0,0,1
1,51,1,72,15,1,0,0,0,1,0,0,1
1,56,0,15,12.68,1,0,0,0,1,0,0,1
1,27,1,5,12.68,1,0,0,0,1,0,0,1
1,53,1,10,12.68,1,0,0,0,1,0,0,1
1,61,0,8,12.68,1,0,0,0,1,0,0,1
1,62,1,48,17,1,0,0,0,1,0,0,1
1,64,0,45,25.76,1,0,0,0,1,0,0,1
1,48,0,72,15,1,0,0,0,1,0,0,1
1,54,0,6,12.68,1,0,0,0,1,1,1,1
1,64,1,72,17,1,0,0,0,1,0,0,1
1,51,1,10,12.68,1,0,0,0,1,0,0,1
1,64,0,17,19.56,1,0,0,0,1,0,0,1
1,70,0,12,12.68,1,0,0,0,1,0,0,1
1,55,1,12,34.78,1,0,0,0,1,0,0,1
1,58,1,72,15,1,0,0,0,1,0,0,1
1,38,0,11,30.71,1,0,0,0,1,0,0,1
1,41,0,88,15,2,0,0,0,1,0,0,1
1,42,1,12,16.98,2,0,0,0,1,0,0,1
1,26,0,18,12.68,1,0,0,0,0,0,0,1
1,49,1,12,39.46,1,0,0,0,1,0,0,1
1,60,0,15,12.68,1,0,0,0,0,0,1,1
1,62,1,72,15.5,1,0,0,0,1,0,0,1
1,57,0,60,16.7,1,0,0,0,1,0,0,1
1,67,1,13,12.68,1,0,0,0,1,0,1,4
1,32,0,82,16.7,2,0,0,0,1,0,1,1
1,43,0,72,15,1,0,0,0,1,0,0,1
1,48,1,12,16.98,2,0,0,0,1,0,0,1
1,66,1,30,23.94,1,0,0,0,1,0,0,1
1,35,1,12,12.68,1,0,0,0,1,0,0,1
1,38,1,4,30.71,1,0,0,0,1,0,0,1
1,38,1,12,25.76,1,0,0,0,1,0,0,1
1,53,0,12,50.96,1,0,0,0,0,0,0,1
1,30,1,10,35.89,1,0,0,0,1,0,0,1
1,67,0,25,19.56,1,0,0,0,1,0,0,1
1,51,0,72,15,1,0,0,0,0,0,0,1
1,39,0,4,12.68,1,0,0,0,1,0,0,4
1,33,1,60,19.29,2,0,0,0,1,1,1,1
1,33,1,36,27.03,2,0,0,0,1,1,1,1
1,43,0,72,19.29,2,0,0,0,1,1,1,4
1,63,1,6,12.68,1,0,0,0,0,0,0,1
1,51,1,72,17,1,0,0,0,1,0,0,1
1,29,0,12,35.89,2,0,0,0,0,0,0,1
1,40,0,4,12.68,1,0,0,0,1,0,0,1
1,53,1,17,12.68,1,0,0,0,1,0,0,1
1,51,0,48,17,1,0,0,0,1,0,0,1
1,43,1,54,21.37,1,0,0,0,1,1,1,1
1,42,0,12,12.68,1,0,0,0,1,0,0,1
1,41,0,36,27.03,1,0,0,0,1,1,1,1
1,41,0,30,27.03,1,0,0,0,1,0,0,1
1,41,0,84,14,1,0,0,0,1,1,1,1
1,43,1,18,35.89,2,0,0,0,1,0,0,4
1,68,1,24,12.68,1,0,0,0,1,1,1,1
1,43,0,72,15,1,0,0,0,1,0,0,1
1,56,1,50,25.76,1,0,0,0,1,0,0,1
1,42,0,12,35.89,2,0,0,0,1,0,0,1
1,49,1,12,12.68,1,0,0,0,1,0,0,4
1,59,0,72,15,1,0,0,0,0,0,0,1
1,31,0,4,12.68,1,0,0,0,1,0,0,1
1,63,0,6,12.68,1,0,0,0,1,0,0,1
1,27,1,13,12.68,1,0,0,0,1,0,0,4
1,65,1,12,12.68,1,0,0,0,1,0,0,1
1,45,1,72,15,1,0,0,0,1,0,0,1
1,31,0,12,12.68,1,0,0,0,1,1,1,1
1,61,0,6,12.68,1,0,0,0,1,0,0,1
1,61,0,10,16.98,2,0,0,0,1,0,0,1
1,46,0,3,12.68,1,0,0,0,0,0,0,1
1,52,0,12,16.98,1,0,0,0,1,0,0,1
1,23,1,4,12.68,1,0,0,0,1,0,0,4
1,55,0,12,12.68,1,0,0,0,1,0,0,1
1,50,0,12,12.68,1,0,0,0,1,0,0,4
1,58,0,73,18.37,2,0,0,0,1,1,1,3
1,48,0,36,28.77,2,0,0,0,1,0,0,3
1,36,0,18,12.68,1,0,0,0,1,0,0,1
1,50,0,12,50.96,1,0,0,0,1,0,0,1
1,29,1,10,12.68,1,0,0,0,0,0,0,1
1,51,1,18,25.21,2,0,0,0,1,0,0,1
1,53,1,18,52.96,1,0,0,0,1,0,0,1
1,49,1,12,12.68,1,0,0,0,1,0,0,4
1,41,0,48,28.83,1,0,0,0,1,0,0,1
1,31,0,18,28.77,1,0,0,0,1,0,0,1
1,56,0,18,19.56,1,0,0,0,0,0,1,1
1,48,1,29,36.28,2,0,0,0,1,0,0,1
1,48,1,36,32.55,1,0,0,0,1,0,0,1
1,42,0,18,39.46,1,0,0,0,1,0,0,1
1,43,0,48,19.56,1,0,0,0,1,1,1,4
1,64,1,72,18,2,0,0,0,0,1,1,1
1,52,0,72,16.7,2,0,0,0,0,1,1,4
1,41,0,72,17,2,0,0,0,1,0,0,1
1,49,0,3,12.68,1,0,0,0,1,0,0,1
1,45,1,72,15,1,0,0,0,1,0,0,1
1,52,1,101,27.03,2,0,0,0,1,0,0,3
1,58,1,24,12.68,1,0,0,0,1,1,1,4
1,38,0,12,16.98,1,0,0,0,1,0,0,1
1,65,0,24,36.28,1,0,0,0,1,0,0,1
1,65,0,36,53.97,2,0,0,0,1,0,0,1
1,44,0,24,30.55,2,0,0,0,1,0,0,1
1,43,0,72,15,2,0,0,0,1,0,0,1
1,43,1,72,15,1,0,0,0,1,0,0,1
1,51,0,12,12.68,1,0,0,0,1,0,0,1
1,58,1,10,12.68,1,0,0,0,1,0,0,1
1,68,0,55,0,2,0,0,0,1,0,0,3
1,37,1,6,12.68,1,0,0,0,1,0,0,1
1,52,1,24,40.96,2,0,0,0,1,0,0,1
1,52,1,24,40.96,2,0,0,0,1,0,0,1
1,64,0,15,12.68,1,0,0,0,1,1,1,1
1,40,0,5,12.68,1,0,0,0,1,0,0,1
1,51,0,12,12.68,1,0,0,0,1,0,0,1
1,54,1,10,12.68,1,0,0,0,1,0,1,1
1,53,0,12,19.56,1,0,0,0,0,0,0,1
1,43,0,72,17,1,0,0,0,1,0,0,1
1,58,1,48,17,1,0,0,0,1,0,0,1
1,46,0,12,16.98,1,0,0,0,1,0,0,1
1,33,0,48,28.51,2,0,0,0,0,0,0,3
1,29,0,6,16.98,2,0,0,0,1,0,0,1
1,35,0,5,12.68,1,0,0,0,1,0,0,1
1,56,1,10,19.56,1,0,0,0,1,0,0,1
1,33,1,12,12.68,1,0,0,0,1,0,0,1
1,40,0,72,15,2,0,0,0,1,0,0,1
1,72,0,12,12.68,1,0,0,0,1,0,0,1
1,65,1,18,50.96,1,0,0,0,1,0,0,1
1,39,0,5,12.68,1,0,0,0,1,0,0,1
1,39,0,6,12.68,1,0,0,0,1,0,0,4
1,61,1,48,28.77,2,0,0,0,1,0,0,1
1,46,0,5,12.68,1,0,0,0,1,0,0,1
1,49,0,6,12.68,1,0,0,0,1,0,0,1
1,57,1,15,35.89,2,0,0,0,1,0,0,1
1,64,1,72,16.7,2,0,0,0,1,1,1,1
1,65,0,12,12.68,1,0,0,0,1,0,0,1
1,40,1,48,19.56,1,0,0,0,1,1,1,4
1,40,1,12,19.56,1,0,0,0,1,1,1,4
1,40,1,36,19.56,1,0,0,0,1,1,1,4
1,40,1,2,12.68,1,0,0,0,1,1,1,1
1,31,1,18,39.45,2,0,0,0,0,0,0,1
1,62,1,48,17,1,0,0,0,1,0,0,1
1,42,1,72,17,1,0,0,0,1,0,0,1
1,48,1,72,17,1,0,0,0,1,0,0,1
1,54,0,10,19.56,1,0,0,0,1,0,0,1
1,54,0,15,19.56,1,0,0,0,1,0,0,1
1,29,0,6,12.68,1,0,0,0,1,0,0,1
1,29,0,6,12.68,1,0,0,0,1,0,0,1
1,48,0,6,19.56,1,0,0,0,1,0,0,4
1,74,0,18,12.68,1,0,0,0,0,1,1,1
1,66,0,12,12.68,1,0,0,0,1,1,1,1
1,44,0,18,35.89,2,0,0,0,1,0,0,1
1,60,0,12,12.68,1,0,0,0,1,0,0,1
1,73,1,48,17,1,0,0,0,1,0,0,1
1,40,0,15,39.45,2,0,0,0,0,0,0,1
1,60,0,60,19.56,1,0,0,0,1,0,0,4
1,60,0,24,19.56,1,0,0,0,1,0,0,1
1,58,0,72,15,1,0,0,0,1,0,0,1
1,56,0,15,12.68,1,0,0,0,0,0,0,1
1,67,0,12,12.68,1,0,0,0,1,0,0,1
1,68,0,18,16.98,2,0,0,0,1,0,0,4
1,30,1,18,32.55,1,0,0,0,1,0,0,1
1,49,0,5,12.68,1,0,0,0,1,0,0,1
1,34,0,24,16.98,2,0,0,0,1,0,0,1
1,48,0,18,52.96,2,0,0,0,0,0,0,1
1,54,1,24,40.96,1,0,0,0,0,0,0,1
1,43,0,53,25.1,1,0,0,0,1,0,0,1
1,43,0,60,19.29,1,0,0,0,1,1,1,1
1,44,0,6,19.56,1,0,0,0,0,0,0,1
1,39,0,24,25.21,2,0,0,0,1,0,0,1
1,53,0,72,15,1,0,0,0,1,0,0,1
1,53,0,24,46.85,1,0,0,0,1,0,0,3
1,61,1,72,17,2,0,0,0,1,0,0,1
1,26,1,24,32.33,2,0,0,0,1,0,0,1
1,62,0,8,12.68,1,0,0,0,1,0,0,1
1,38,0,72,15,1,0,0,0,1,0,0,1
1,57,1,60,19.56,1,0,0,0,1,1,1,1
1,39,1,72,17,1,0,0,0,1,0,0,1
1,65,0,18,16.98,2,0,0,0,1,0,0,1
1,65,0,30,19.56,1,0,0,0,1,1,1,1
1,40,1,6,12.68,1,0,0,0,1,0,0,1
1,30,0,24,28.77,2,0,0,0,1,0,0,1
1,29,0,24,35.89,2,0,0,0,1,0,0,1
1,34,0,8,16.98,1,0,0,0,1,0,0,1
1,34,0,12,16.98,1,0,0,0,1,0,0,1
1,46,0,6,16.98,2,0,0,0,1,0,0,1
1,33,0,72,17,1,0,0,0,1,0,0,1
1,26,0,8,12.68,1,0,0,0,1,0,0,1
1,39,0,18,28.77,1,0,0,0,1,0,0,1
1,53,1,18,23,2,0,0,0,0,0,0,1
1,45,1,12,39.46,1,0,0,0,1,0,0,1
1,62,0,72,17,1,0,0,0,1,0,0,1
1,61,1,6,12.68,1,0,0,0,1,0,0,1
1,58,1,12,12.68,1,0,0,0,1,0,0,1
1,66,0,72,17,1,0,0,0,1,0,0,1
1,44,1,72,13.16,1,0,0,0,1,1,1,1
1,24,1,12,12.68,1,0,0,0,0,0,0,1
1,34,1,6,12.68,1,0,0,0,1,0,0,1
1,56,0,10,12.68,1,0,0,0,0,0,0,1
1,26,0,6,12.68,1,0,0,0,1,0,0,1
1,56,1,72,17,1,0,0,0,1,0,0,1
1,35,1,18,25.21,2,0,0,0,1,0,0,1
1,34,1,60,28.77,2,0,0,0,0,0,0,1
1,48,0,12,12.68,1,0,0,0,1,0,1,2
1,41,0,72,15,2,0,0,0,1,0,0,1
1,31,1,14,16.98,2,0,0,0,1,0,0,1
1,53,0,48,15,1,0,0,0,1,0,0,1
1,20,1,12,12.68,1,0,0,0,0,0,0,1
1,55,0,5,12.68,1,0,0,0,1,0,0,1
1,33,0,24,35.89,1,0,0,0,1,0,0,1
1,56,0,96,16.61,1,0,0,0,1,1,1,1
1,48,1,48,32.55,2,0,0,0,1,0,1,4
1,48,1,27,36.28,2,0,0,0,1,0,0,4
1,54,0,24,35.89,1,0,0,0,0,0,0,1
2,0,1,49,22.63,2,0,0,0,0,1,1,3
1,47,0,84,16,2,0,0,0,1,1,1,1
1,35,1,6,50.96,2,0,0,0,1,0,0,1
1,35,1,6,16.98,2,0,0,0,1,0,0,1
1,35,1,29,47.85,1,0,0,0,1,0,0,1
1,59,1,18,19.56,1,0,0,0,1,0,0,1
1,40,1,4,12.68,1,0,0,0,1,0,0,1
1,36,0,42,28.77,2,0,0,0,1,0,0,1
1,45,0,60,16.92,2,0,0,0,1,1,1,1
1,34,0,11,12.68,1,0,0,0,1,0,0,4
1,28,0,72,17,1,0,0,0,1,0,0,1
1,55,1,72,15,1,0,0,0,1,0,0,1
1,34,1,24,27.01,2,0,0,0,1,0,0,1
1,66,1,72,17,1,0,0,0,1,0,0,1
1,62,1,73,17,1,0,0,0,0,0,0,1
1,40,1,48,28.77,2,0,0,0,0,0,0,1
1,55,0,12,16.98,2,0,0,0,1,0,0,1
1,55,0,24,25.21,1,0,0,0,1,0,0,1
1,37,0,60,24.08,2,0,0,0,1,0,0,4
1,65,0,72,15,1,0,0,0,1,0,0,1
1,38,0,60,15,1,0,0,0,1,0,0,1
1,39,1,10,16.98,1,0,0,0,1,0,0,1
1,39,1,10,16.98,2,0,0,0,1,0,0,1
1,47,0,10,12.68,1,0,0,0,1,0,0,1
1,48,1,18,19.56,1,0,0,0,1,0,0,1
1,60,0,8,12.68,1,0,0,0,1,0,0,1
1,47,1,8,12.68,1,0,0,0,1,0,0,1
1,61,1,72,17,1,0,0,0,1,0,0,1
1,50,0,13,50.96,1,0,0,0,1,0,0,1
1,58,0,12,19.56,1,0,0,0,1,0,0,1
1,58,0,12,12.68,1,0,0,0,1,0,0,1
1,66,0,84,14,1,0,0,0,1,1,1,1
1,21,1,12,12.68,1,0,0,0,0,0,1,1
1,41,0,4,12.68,1,0,0,0,1,0,0,1
1,32,1,48,28.77,2,0,0,0,1,0,0,1
1,55,0,48,15,1,0,0,0,1,0,0,1
1,52,1,36,28.77,2,0,0,0,1,0,0,4
1,63,0,12,35.28,1,0,0,0,1,0,0,1
1,56,1,72,17,1,0,0,0,1,0,0,1
1,42,0,10,12.68,1,0,0,0,1,0,0,1
1,47,0,12,12.68,1,0,0,0,1,0,0,1
1,39,0,12,12.68,1,0,0,0,1,0,1,1
1,56,1,12,12.68,1,0,0,0,1,0,0,1
1,57,1,12,16.98,2,0,0,0,1,0,0,1
1,65,0,72,15,2,0,0,0,1,0,0,1
1,29,0,6,16.98,2,0,0,0,1,0,0,1
1,32,0,24,16.98,2,0,0,0,1,0,0,1
1,32,0,10,12.68,1,0,0,0,1,0,0,1
1,42,1,37,20.34,2,0,0,0,1,0,0,1
1,38,0,5,12.68,1,0,0,0,1,0,1,1
1,65,0,12,12.68,1,0,0,0,1,0,0,1
1,67,0,18,19.56,1,0,0,0,1,0,0,1
1,31,0,18,19.56,1,0,0,0,1,0,1,1
1,33,0,12,16.98,2,0,0,0,1,0,0,1
1,57,1,72,14.24,1,0,0,0,1,1,1,1
1,23,0,12,39.45,2,0,0,0,0,0,0,1
1,32,1,36,19.56,1,0,0,0,1,1,1,4
1,59,1,37,27.68,1,0,0,0,1,0,0,1
1,54,0,36,32.55,2,0,0,0,1,0,0,1
1,45,1,24,31.58,2,0,0,0,1,0,0,1
1,59,0,48,17,1,0,0,0,1,0,0,1
1,29,0,72,13.16,1,0,0,0,1,0,1,1
1,29,0,36,31.58,1,0,0,0,1,1,1,1
1,41,1,63,0,2,0,0,0,1,0,0,3
1,55,0,72,15,1,0,0,0,0,0,0,1
1,45,0,24,19.56,1,0,0,0,1,0,0,1
1,59,0,8,12.68,1,0,0,0,1,0,0,1
1,46,0,60,17,1,0,0,0,0,0,0,1
1,51,0,13,12.68,1,0,0,0,1,1,1,1
1,53,0,10,12.68,1,0,0,0,1,1,1,1
1,43,0,12,35.89,2,0,0,0,1,0,0,1
1,51,0,72,15,1,0,0,0,1,0,0,1
1,56,1,12,16.98,2,0,0,0,1,0,0,1
1,50,0,48,25.21,1,0,0,0,1,0,0,1
1,50,0,72,15,1,0,0,0,1,0,0,1
1,50,0,72,15,1,0,0,0,1,0,0,1
1,54,0,30,17,1,0,0,0,1,0,0,1
1,30,1,12,16.98,2,0,0,0,1,0,0,1
1,43,0,24,28.77,2,0,0,0,1,0,0,1
1,67,0,48,25.76,1,0,0,0,1,0,0,1
1,38,0,48,17,1,0,0,0,1,0,0,1
1,40,1,120,14,2,0,0,0,0,1,1,1
1,38,1,72,15,2,0,0,0,1,0,0,1
1,56,0,4,12.68,1,0,0,0,1,0,0,1
1,29,0,12,12.68,1,0,0,0,1,0,0,1
1,41,1,72,15,1,0,0,0,1,0,0,1
1,64,1,72,15,1,0,0,0,1,0,0,1
1,61,1,24,16.98,2,0,0,0,1,0,0,1
1,61,0,12,12.68,1,0,0,0,1,0,0,1
1,38,1,8,16.98,2,0,0,0,1,0,0,1
1,58,1,12,39.45,2,0,0,0,1,0,0,1
1,52,0,36,31.58,1,0,0,0,1,0,0,1
1,52,0,24,27.01,1,0,0,0,0,0,0,1
1,63,0,9,12.68,1,0,0,0,0,0,0,1
1,26,0,10,12.68,1,0,0,0,1,0,0,1
1,55,1,73,19.95,2,0,0,0,0,0,0,1
1,33,0,12,35.89,1,0,0,0,1,0,0,1
1,33,0,12,35.89,2,0,0,0,1,0,0,1
1,28,0,24,32.33,1,0,0,0,1,0,0,4
1,48,1,18,35.89,2,0,0,0,1,0,0,1
1,41,0,11,30.71,1,0,0,0,1,0,0,1
1,41,0,18,27.68,1,0,0,0,1,0,0,1
1,36,0,6,12.68,1,0,0,0,1,0,0,1
1,64,0,10,19.56,1,0,0,0,1,0,0,1
1,30,1,12,12.68,1,0,0,0,0,0,0,1
1,66,0,6,19.56,1,0,0,0,1,0,0,1
1,52,1,36,19.56,1,0,0,0,1,0,1,1
1,52,1,36,19.56,1,0,0,0,1,0,1,1
1,46,0,12,30.71,1,0,0,0,1,0,0,1
1,58,0,6,12.68,1,0,0,0,1,0,1,1
1,31,0,18,32.33,1,0,0,0,1,0,0,1
1,68,1,36,30.58,1,0,0,0,1,0,0,1
1,41,0,12,12.68,1,0,0,0,1,0,0,1
2,0,1,108,16.17,2,0,0,0,1,1,1,4
1,40,0,18,16.98,2,0,0,0,1,0,0,1
1,51,1,20,28.77,2,0,0,0,1,0,0,1
1,61,1,72,24.41,1,0,0,0,1,0,0,1
1,46,0,72,24.41,1,0,0,0,0,0,0,1
1,63,1,24,25.21,2,0,0,0,0,0,0,1
1,37,1,12,19.56,1,0,0,0,1,0,0,1
1,57,0,9,12.68,1,0,0,0,1,0,1,1
1,68,0,12,12.68,2,0,0,0,1,0,0,1
1,67,0,24,46.85,1,0,0,0,1,0,0,1
1,50,0,12,12.68,1,0,0,0,1,0,1,1
1,37,1,12,16.98,2,0,0,0,1,0,0,4
1,49,0,73,17,1,0,0,0,1,0,0,1
1,51,1,12,16.98,1,0,0,0,1,0,0,1
1,75,1,72,15,1,0,0,0,1,0,0,1
1,62,1,42,17,1,0,0,0,1,0,0,1
1,55,1,12,50.96,1,0,0,0,0,0,0,1
1,36,1,58,27.03,2,0,0,0,1,1,1,4
1,52,0,24,32.33,1,0,0,0,1,0,0,1
1,40,0,12,12.68,1,0,0,0,1,0,0,1
1,37,0,48,25.21,2,0,0,0,1,0,0,1
1,58,0,12,12.68,1,0,0,0,1,1,1,1
1,35,1,20,12.68,1,0,0,0,1,0,0,1
1,50,1,48,24.08,2,0,0,0,1,0,0,1
1,66,1,12,12.68,1,0,0,0,1,1,1,1
1,48,0,48,24.08,1,0,0,0,1,0,0,1
1,40,0,12,16.98,2,0,0,0,1,0,0,1
1,56,0,12,16.98,2,0,0,0,1,0,0,1
1,60,0,36,36.28,1,0,0,0,1,0,0,1
1,26,0,84,16.7,2,0,0,0,0,0,1,1
1,57,1,58,17,1,0,0,0,1,0,0,1
1,33,0,7,12.68,1,0,0,0,1,1,1,4
1,59,1,24,35.28,2,0,0,0,1,0,0,1
1,48,0,72,17,1,0,0,0,1,0,0,1
1,47,0,60,15,1,0,0,0,1,0,0,1
1,47,0,60,27.03,1,0,0,0,1,0,0,1
1,51,1,10,12.68,1,0,0,0,1,0,0,1
1,49,1,6,12.68,1,0,0,0,1,0,0,1
1,61,1,6,19.56,1,0,0,0,1,0,0,1
1,61,1,12,19.56,1,0,0,0,1,0,0,1
1,58,1,4,12.68,1,0,0,0,1,0,0,1
1,27,1,12,12.68,1,0,0,0,1,0,0,1
1,60,1,72,17,1,0,0,0,1,0,0,1
1,33,0,8,12.68,1,0,0,0,1,0,0,1
1,29,0,96,13.16,2,0,0,0,1,0,1,1
1,55,1,72,13,1,0,0,0,1,1,1,1
1,55,1,10,18.37,1,0,0,0,1,1,1,1
1,55,1,72,13,1,0,0,0,1,0,0,1
1,49,0,8,12.68,1,0,0,0,1,0,0,1
1,53,0,6,12.68,1,0,0,0,1,0,0,1
1,58,1,30,16.98,2,0,0,0,1,0,0,1
1,56,0,72,14.5,1,0,0,0,1,0,0,1
1,56,0,84,15.92,2,0,0,0,1,1,1,1
1,64,0,10,12.68,1,0,0,0,1,0,0,1
1,56,0,1,125.22,2,0,0,0,1,0,0,1
1,56,0,8,12.68,1,0,0,0,1,0,0,1
1,46,1,48,32.55,2,0,0,0,1,0,0,4
1,36,1,6,12.68,1,0,0,0,1,0,0,1
1,43,0,8,12.68,1,0,0,0,1,0,0,1
1,50,1,60,19.29,1,0,0,0,1,1,1,1
1,56,1,70,15,1,0,0,0,1,0,0,1
1,27,1,36,32.33,2,0,0,0,1,0,0,1
1,27,1,36,32.33,1,0,0,0,0,0,0,1
1,43,0,24,34.78,2,0,0,0,0,0,0,3
1,54,0,24,39.46,2,0,0,0,1,0,0,2
1,53,0,10,12.68,1,0,0,0,1,0,0,1
1,37,0,18,35.89,1,0,0,0,1,0,0,1
1,29,0,8,12.68,1,0,0,0,0,0,1,1
1,29,0,9,12.68,1,0,0,0,1,1,1,1
1,49,1,16,52.96,1,0,0,0,1,0,0,1
2,0,1,60,15.92,2,1,0,0,1,0,0,1
1,45,0,6,12.68,1,0,0,0,1,0,0,1
1,72,1,24,16.98,2,0,0,0,1,0,0,1
1,36,1,72,17,1,0,0,0,1,0,0,1
1,56,0,6,12.68,1,0,0,0,1,0,0,1
1,56,0,12,32.33,2,0,0,0,0,0,0,1
1,39,0,84,13.16,2,0,0,0,1,1,1,1
1,69,1,6,12.68,1,0,0,0,1,0,0,1
1,75,1,15,19.56,1,0,0,0,1,1,1,4
1,51,0,72,19.95,2,0,0,0,0,0,0,1
1,39,1,11,24.41,1,0,0,0,1,0,0,1
1,39,1,3,16.98,1,0,0,0,1,0,0,1
1,60,0,7,12.68,1,0,0,0,1,1,1,1
2,0,1,12,16.98,1,0,0,0,1,0,0,1
1,44,1,5,12.68,1,0,0,0,1,0,0,1
1,47,1,72,15,1,0,0,0,1,0,0,1
1,47,1,12,12.68,1,0,0,0,1,0,0,1
1,46,0,12,12.68,1,0,0,0,1,1,1,1
1,25,1,24,50.96,2,0,0,0,1,0,0,1
1,50,0,13,19.56,1,0,0,0,1,0,1,1
1,50,0,14,19.56,1,0,0,0,1,1,1,1
1,52,1,18,32.33,2,0,0,0,0,0,0,1
1,39,0,10,12.68,1,0,0,0,1,1,1,1
1,46,1,10,16.98,2,0,0,0,1,0,0,1
1,46,1,12,16.98,2,0,0,0,1,0,0,1
2,0,1,60,18.37,1,0,0,0,1,1,1,1
1,48,0,10,12.68,1,0,0,0,0,1,1,1
1,66,0,10,12.68,1,0,0,0,1,0,0,1
1,51,1,27,31.58,2,0,0,0,1,0,0,3
1,28,1,72,16.24,2,0,0,0,1,1,1,4
1,36,0,60,17,2,0,0,0,1,0,0,1
1,30,1,84,16.7,1,0,0,0,1,1,1,1
1,64,1,6,12.68,1,0,0,0,1,0,0,1
1,62,0,32,15,1,0,0,0,1,0,0,1
1,62,0,73,19.95,2,0,0,0,0,0,0,1
1,32,1,18,18.37,2,0,0,0,1,0,0,1
